transcription_factor	tissue	motif.pval	open.pval	motif.median_diff	open.median_diff
AR	Breast	9.03999999999999e-259	8.61e-31	6.039	5.642
AR	MammaryGland	4.38e-269	3.01e-31	6.342	5.033
ARNT	BoneMarrow	1.38e-72	6.23e-08	7.837	5.034
ARNT	Breast	4.5e-35	0.000129	1.626	2.517
ARNT	Kidney	6.95e-33	0.0182	7.597	3.591
AR	Prostate	1e-262	2.45e-25	5.509	4.81
ASCL1	Lung	9.92999999999999e-215	1.84e-32	4.794	4.219
ASCL1	Skin	2.38e-28	9.22e-10	2.328	3.067
ATF1	BoneMarrow	4.57e-97	5.1e-07	7.152	4.777
ATF1	Liver	5.32e-54	0.289	8.956	2.921
ATF2	Blood	3.94e-108	8.38e-25	5.464	5.765
ATF2	Colon	3.72e-12	3.04e-05	2.867	2.51
ATF2	Embryo	5.07e-34	4.01e-09	6.881	5.339
ATF3	Blood	6.57e-08	0.0104	8.545	5.226
ATF3	BoneMarrow	8.06e-204	5.45e-26	6.72	4.697
ATF3	Colon	2.05e-239	8.98e-32	6.658	3.754
ATF3	Embryo	2.53e-13	9.77e-05	10.572	7.332
ATF3	Liver	1.87e-68	0.000996	8.408	5.699
ATF3	Lung	6.78e-72	4.06e-33	9.185	8.442
ATF3	Skin	7.11e-67	1.05e-24	9.533	8.746
ATF4	Liver	1.62e-36	0.653	8.136	1.484
BACH1	BoneMarrow	3.64e-27	0.000874	4.685	2.778
BACH1	Embryo	1.33e-22	4.7e-08	3.757	2.797
BACH2	Blood	4.41e-24	1.52e-09	5.03	4.608
BATF	Blood	1.3e-160	8.33e-47	5.885	4.68
BATF	BoneMarrow	1.61e-28	6.4e-07	6.607	6.079
BCL11A	Blood	6.84e-30	2.46e-05	9.094	7.886
BCL6	Blood	9.66e-13	0.000219	6.356	4.543
BCL6	BoneMarrow	7.66e-114	6.33e-09	2.604	3.41
BCL6	Tonsil	3.43e-62	0.00919	7.037	5.237
BHLHE40	Blood	4.95e-60	4.12e-14	5.524	4.348
BHLHE40	BoneMarrow	3.12e-94	0.0155	4.154	1.708
BHLHE40	Liver	2.4e-75	0.122	5.188	1.939
BHLHE40	Lung	1.7e-64	6.88e-08	6.162	4.131
CDX2	Colon	7.64e-134	0.000723	4.685	2.952
CEBPA	Adipose	5.47e-181	0.00153	7.162	2.022
CEBPA	Blood	5.83e-27	1.62e-05	9.104	7.919
CEBPA	Liver	4.58e-297	0.00738	7.508	2.317
CLOCK	Bone	2.28e-25	7.91e-05	4.814	3.409
CLOCK	Colon	1.97e-09	0.0223	6.522	6.245
CREB1	Blood	2.7e-35	1.63e-11	5.704	5.05
CREB1	BoneMarrow	1.24e-26	0.000322	7.179	3.682
CREB1	Colon	2.03e-19	1.68e-05	8.593	8.608
CREB1	Embryo	2.99e-29	6.13e-05	5.903	3.564
CREB1	Liver	1.48e-42	0.0216	7.017	2.924
CREB1	Lung	1.34e-22	0.00129	6.91	6.181
CREB1	MammaryGland	0.00233	0.0952	4.992	4.102
CREB1	Prostate	6.02e-35	4.22e-05	6.102	5.134
CTCF	Adipose	2.47e-110	7.37e-06	7.689	1.547
CTCF	Blood	6.39e-116	5.25e-35	3.533	1.437
CTCF	Bone	2.6e-120	1.7e-24	6.482	1.997
CTCF	BoneMarrow	1.64e-114	3.41e-17	4.477	1.051
CTCF	Brain	2.87e-121	1.08e-32	5.124	1.36
CTCF	Breast	7.61e-94	6.42e-12	2.606	0.619
CTCF	Cerebellum	5.61e-125	5.52e-30	8.227	2.465
CTCF	Cervix	4.54e-120	6.82e-13	5.559	1.029
CTCF	Colon	7.95e-121	3.2e-37	4.866	1.59
CTCF	ConnectiveTissue	1.81e-113	1.28e-17	9.044	1.805
CTCF	Cordblood	2.24e-65	1.37e-20	5.772	2.909
CTCF	Embryo	1.99e-113	5.04e-31	3.684	1.305
CTCF	EmbryonicKidney	5.89e-114	0.286	4.781	-0.713
CTCF	Esophagus	9.21e-115	4.19e-12	8.338	1.743
CTCF	Eye	6.77e-110	2.59e-18	5.879	1.39
CTCF	FetalLung	3.91e-107	2.05e-07	8.626	1.558
CTCF	Foreskin	1.85e-109	1.92e-36	8.471	3.43
CTCF	Gingiva	5.29e-107	1.41e-06	7.755	1.14
CTCF	Heart	1.04e-118	1.47e-22	8.085	2.303
CTCF	Kidney	1.93e-129	8.95e-21	5.804	1.454
CTCFL	BoneMarrow	1.94e-64	1.14e-18	3.509	1.504
CTCFL	Breast	1.92e-63	4.66e-18	3.375	1.374
CTCFL	Colon	7.22e-28	9.29e-15	5.465	3.8
CTCF	Liver	7.14e-119	1.18e-10	4.319	0.782
CTCF	Lung	1.16e-107	3.74e-18	4.41	0.958
CTCF	MammaryGland	5.53e-109	6.78e-19	5.297	1.058
CTCF	Pancreas	3.72e-115	6.85e-11	6.018	1.217
CTCF	PancreaticIslet	1.2e-101	0.00793	7.799	0.604
CTCF	Prostate	7.85e-126	3.66e-20	6.378	1.625
CTCF	PulmonaryArtery	7.51e-118	4.68e-12	8.398	1.459
CTCF	Retina	1.58e-99	3.47e-12	6.777	1.224
CTCF	SigmoidColon	6.39e-88	0.0133	6.648	1.643
CTCF	SkeletalMuscle	2.42e-119	1.14e-27	6.873	2.299
CTCF	Skin	1.16e-107	9.23e-23	4.652	1.351
CTCF	SpinalCord	7.92e-114	5.07e-14	8.818	1.289
CTCF	Spleen	8.49e-108	2.39e-12	7.449	1.26
CTCF	Stomach	1.37e-78	1.72e-06	5.85	1.092
CTCF	UmbilicalVein	1.1e-122	1.54e-23	5.587	1.077
CUX1	Blood	1.85e-20	0.00155	8.174	7.47
CUX1	BoneMarrow	3.85e-49	0.318	6.3	2.301
CUX1	Breast	2.33e-59	0.00489	6.127	3.933
DUX4	Muscle	1.16e-34	0.559	0.416	0.205
E2F1	Blood	1.26e-38	4.1e-11	6.64	5.452
E2F1	BoneMarrow	1.94e-25	0.00765	7.562	3.814
E2F1	Breast	6.05e-72	1.55e-08	4.819	1.992
E2F1	Cervix	3.62e-42	0.0139	5.552	0.702
E2F1	MammaryGland	1.02e-38	2.28e-05	5.807	2.202
E2F1	Prostate	1.14e-70	1.62e-11	4.49	2.202
E2F1	UmbilicalCord	5.87e-25	0.00126	6.5	2.657
E2F3	Colon	4.39e-56	5.49e-18	7.241	6.58
E2F4	Adipose	2.55e-23	1	6.635	-0.029
E2F4	Blood	7.35e-29	5.34e-09	7.822	6.196
E2F4	BoneMarrow	1.82e-42	1.11e-10	7.838	4.521
E2F4	Breast	2.71e-60	1.1e-07	5.777	2.266
E2F4	Cervix	3.14e-33	0.127	7.581	2.25
E2F6	BoneMarrow	1.85e-126	1.58e-08	5.353	1.754
E2F6	Cervix	4.05e-41	0.00196	7.485	3.188
E2F6	Embryo	3.52e-124	1.72e-21	3.451	2.031
E2F6	Lung	6.29e-67	1.77e-07	6.396	2.738
E2F7	Colon	1.01e-07	0.116	6.036	3.359
E2F7	Lung	1.37e-07	0.14	6.185	2.094
EBF1	Adipose	2.23e-28	0.443	6.144	1.81
EBF1	Blood	1.62e-271	8.8e-85	5.386	4.893
EGR1	Blood	3.2e-137	8.46e-44	5.983	4.89
EGR1	BoneMarrow	9.50999999999999e-234	1.42e-09	4.243	1.241
EGR1	Breast	1.89e-77	1.56e-09	6.411	3.7
EGR1	Colon	4.17e-123	8.32e-36	6.488	5.822
EGR1	Embryo	6.25e-78	6.09e-15	5.802	3.684
ELF1	Blood	1.31e-99	2.91e-29	6.568	4.773
ELF1	BoneMarrow	2.72e-160	2.45e-07	4.725	1.65
ELF1	Brain	7.18e-113	1.2e-19	5.623	4.445
ELF1	Breast	1.07e-86	1.71e-10	6.797	4.365
ELF1	Colon	2.61e-82	4.5e-18	7.262	5.237
ELF1	Liver	2.16e-96	0.064	6.695	0.493
ELF1	Lung	4.51e-60	5.83e-09	7.528	5.218
ELK1	Blood	5.69e-63	1.17e-28	7.658	7.148
ELK1	BoneMarrow	4.03e-74	6.29e-09	8.036	4.131
ELK1	Breast	1.81e-51	2.31e-11	8.038	6.321
ELK1	Cervix	6.3e-57	0.00328	8.125	5.195
ELK4	Cervix	1.21e-52	0.00106	7.743	3.674
EOMES	Embryo	1.61e-229	1.3e-12	4.462	2.502
EPAS1	Kidney	9.6e-07	1	3.866	-0.027
ERG	Blood	5.88e-150	3.5e-44	9.288	7.841
ERG	BoneMarrow	4.18e-294	6.18e-21	7.939	5.005
ERG	Breast	2.82e-81	5.52e-10	13.214	13.183
ERG	Prostate	1.35e-282	1.03e-31	6.193	4.782
ESR1	Bone	3.58e-79	0.000434	1.599	0.947
ESR1	Breast	1.38e-74	3.51e-05	0.831	0.532
ESR1	MammaryGland	1.06e-72	4.63e-05	1.128	0.904
ESR1	Prostate	5.11e-11	0.0233	2.458	2.003
ESR1	Uterus	2.74e-20	0.25	5.769	10.102
ESRRA	Blood	2.53e-45	5.07e-13	8.119	7.173
ESRRA	Breast	1.44e-240	4.56e-20	6.197	5.217
ESRRA	Liver	1.81e-41	0.0531	8.492	3.609
ETS1	Blood	4.68e-276	4.25e-73	6.45	4.582
ETS1	BoneMarrow	1.25e-57	7.48e-06	9.103	7.2
ETS1	Lung	1.19e-40	4.32e-10	9.689	9.039
ETS1	Pancreas	1.61e-06	0.123	11.359	9.201
ETS1	Prostate	2.23e-38	1.54e-06	9.313	8.975
ETS1	UmbilicalVein	6.71e-168	2.92e-15	6.903	4.072
ETV1	BoneMarrow	9.6e-145	5.43e-11	8.589	3.765
ETV1	Prostate	1.7e-110	1.1e-08	7.606	5.725
ETV1	Stomach	7.22e-103	5.87e-05	6.715	4.691
ETV4	Liver	5.93e-154	0.011	8.523	0.738
ETV4	Prostate	0.00013	0.667	5.312	2.82
FLI1	Blood	5.69e-143	3.29e-47	7.582	6.051
FLI1	BoneMarrow	7.47e-296	1.54e-18	8.153	5.153
FLI1	Brain	4.38e-49	8.12e-11	6.3	4.826
FLI1	Cordblood	1.13e-77	9.31e-18	7.866	5.845
FLI1	Muscle	2.95e-270	9.27e-12	5.953	3.048
FLI1	UmbilicalVein	6.47e-295	6.91e-45	7.119	4.963
FOS	Blood	9.69e-25	5.12e-07	4.437	3.536
FOS	BoneMarrow	2.89e-270	4.34e-19	5.644	2.441
FOS	Breast	6.22e-286	3.65e-38	6.075	3.43
FOS	Cervix	1.92e-149	5.97e-07	7.286	2.785
FOSL1	BoneMarrow	4.86e-256	1.05e-13	5.926	2.747
FOSL1	Breast	1.84e-93	1.28e-19	7.749	5.627
FOSL1	Colon	4.22e-237	5.1e-45	6.702	4.688
FOSL1	MammaryGland	1.78e-103	6.54e-29	6.58	4.565
FOSL2	Brain	3.45e-277	3.65e-90	5.84	3.83
FOSL2	Breast	1.75e-248	1.36e-66	6.151	4.244
FOSL2	Liver	1.35e-247	0.0583	6.275	2.598
FOSL2	Lung	3.9e-275	6.48e-89	5.717	4.027
FOS	UmbilicalVein	2.02e-283	1.41e-47	5.761	3.323
FOXA1	Breast	8.86e-297	2.05e-14	7.258	4.525
FOXA1	Embryo	6e-265	3.32e-19	5.883	3.578
FOXA1	Liver	8e-304	0.14	8.458	0.739
FOXA1	Lung	1.67e-290	2.47e-16	7.018	4.158
FOXA1	MammaryGland	2.31e-282	1.15e-11	6.724	4.697
FOXA1	Prostate	3.8e-286	3.02e-16	6.681	4.196
FOXA2	Colon	2.45e-288	2.9e-29	7.182	6.351
FOXA2	Embryo	3.05e-287	6.82e-35	6.871	4.805
FOXA2	Liver	2.42e-288	0.199	7.785	1.495
FOXA2	Lung	2.1e-302	3.95e-41	7.885	5.873
FOXA2	Skin	1.12e-266	1.03e-29	5.09	3.623
FOXH1	Embryo	1e-112	2.7e-05	3.97	1.619
FOXK2	BoneMarrow	5.59e-70	0.000148	9.267	7.254
FOXK2	Liver	6.54e-26	0.149	9.151	3.237
FOXM1	Blood	5.24e-50	5.85e-08	8.763	7.61
FOXM1	Brain	1.15e-16	0.011	8.364	7.022
FOXM1	Breast	3.78e-150	4.52e-08	6.704	4.027
FOXO1	Tonsil	1.7e-32	0.0109	7.199	4.184
FOXO3	BoneMarrow	0.00794	0.0952	5.621	5.084
FOXO3	Colon	5.07e-15	0.0149	6.638	6.119
FOXO3	Liver	5.42e-30	0.0908	10.789	6.291
FOXP1	BoneMarrow	1.88e-25	0.0133	5.444	3.847
FOXP1	Colon	1.09e-18	0.0178	8.326	7.155
FOXP1	Embryo	1.44e-47	6.08e-08	5.219	3.569
FOXP1	Prostate	2.5e-65	4.96e-07	4.767	3.666
GABPA	Blood	1.64e-223	3.09e-73	5.711	4.831
GABPA	BoneMarrow	5.12e-159	4.15e-14	7.907	4.21
GABPA	Brain	2.3e-123	1.53e-24	7.061	5.006
GABPA	Breast	6.39e-99	1.75e-14	8.254	6.191
GABPA	Cervix	9.67e-72	1.27e-06	8.52	5.202
GABPA	Embryo	1.69e-80	2.83e-19	8.731	6.365
GABPA	Liver	9.87e-146	1.74e-05	7.883	3.466
GABPA	Lung	6.17e-90	2.23e-21	9.235	7.323
GABPA	Prostate	3.27e-140	2e-19	6.776	6.142
GATA1	Blood	5.92e-233	1.92e-35	4.523	3.358
GATA1	BoneMarrow	1.02e-238	8.94e-14	4.238	2.452
GATA1	Cordblood	8.92e-21	0.0914	11.518	8.853
GATA2	Blood	7.86e-35	5.91e-07	6.172	5.077
GATA2	BoneMarrow	1.05e-257	2.34e-17	4.616	3.059
GATA2	Prostate	3.12e-141	2.29e-05	3.568	2.743
GATA2	UmbilicalVein	2.38e-90	0.00261	7.56	3.034
GATA3	Blood	2.29e-162	5.48e-27	6.313	5.628
GATA3	BoneMarrow	4.58e-190	2.47e-15	7.426	8.596
GATA3	Brain	4.16e-262	3.43e-17	6.107	3.499
GATA3	Breast	7.46e-293	4.54e-16	6.807	4.693
GATA3	Embryo	7.98e-276	1.28e-40	6.312	4.945
GATA3	Lung	3.55e-86	4.69e-10	10.879	10.056
GATA3	MammaryGland	7.81e-271	1.57e-20	5.116	4.365
GATA3	Thymus	4.92e-54	0.0303	5.868	6.155
GATA4	Embryo	1e-189	4.47e-19	4.773	3.082
GATA4	Lung	5.29e-79	1.56e-09	5.902	5.858
GATA4	Skin	9.34999999999999e-223	5.4e-22	4.4	4.362
GATA4	Stomach	1.42e-250	0.000149	5.402	1.885
GLI2	Blood	0.0571	1	1.873	2.341
GRHL2	Breast	8.77e-180	5.08e-13	4.601	2.608
GRHL2	Bronchia	6.59e-149	0.893	5.194	-0.33
GRHL2	Prostate	7.78e-38	8.33e-07	7.124	6.277
HIF1A	Bone	0.000226	0.182	5.863	3.339
HIF1A	MammaryGland	1.31e-60	0.000236	2.633	2.184
HINFP	BoneMarrow	1.58e-14	0.000646	3.889	2.29
HINFP	Colon	4.34e-09	0.00221	5.058	2.674
HLF	Liver	1.44e-275	0.456	5.266	0
HNF1A	Liver	7.03e-29	0.303	8.891	3.357
HNF4A	Colon	4.15e-142	7.03e-21	4.7	3.715
HNF4A	Liver	5.9e-191	0.00238	5.749	1.649
HOXA9	Kidney	6.6e-47	2.56e-06	7.062	9.048
HOXB13	Colon	1.38e-28	0.0168	9.208	5.785
HOXB13	Prostate	3.6e-226	3.71e-10	4.109	3.011
HOXC9	Brain	7.37e-72	5.43e-09	5.443	4.293
HSF1	Bone	7.64e-72	7.33e-10	1.385	1.774
HSF1	Breast	1.69e-11	0.107	2.133	1.331
HSF1	MammaryGland	1.67e-09	0.129	3.767	4.819
IRF1	Blood	3.22e-68	5.3e-16	4.679	3.424
IRF1	BoneMarrow	1.35e-48	0.215	5.52	3.705
IRF1	Colon	2.91e-12	0.25	6.286	3.376
IRF4	Blood	1.93e-93	1.06e-15	5.849	4.87
IRF4	BoneMarrow	4.28e-31	6.52e-06	2.082	2.982
JUNB	Blood	1.27e-107	1.22e-40	6.152	5.383
JUNB	BoneMarrow	5.85e-118	3.66e-10	8.152	3.998
JUNB	Colon	1.27e-08	0.000628	9.619	8.783
JUN	BoneMarrow	1.24e-215	1.64e-22	8.088	4.578
JUN	Breast	5.03e-295	1.41e-55	6.504	3.87
JUN	Cervix	4.41e-230	1.92e-18	7.632	3.786
JUN	Colon	7.1e-75	1.19e-19	9.01	8.488
JUN	Coronaryarterysmoothmuscle	1.42e-254	3.98e-39	5.175	3.486
JUND	Blood	1.81e-13	1.4e-05	4.549	4.02
JUND	BoneMarrow	3.05e-37	1.62e-05	4.354	3.695
JUND	Brain	1.96e-26	3.04e-06	4.444	4.058
JUND	Breast	7.43e-12	0.00791	2.305	2.307
JUND	Cervix	1.49e-16	0.469	6.454	1.874
JUND	Colon	1.5e-20	0.000106	6.72	4.369
JUND	Coronaryarterysmoothmuscle	7.81e-32	0.000308	3.189	3.735
JUND	Embryo	4.83e-20	3.18e-06	5.112	4.048
JUND	Liver	7.27e-67	0.0265	1.69	1.411
JUN	Liver	1.22e-127	4.64e-06	7.318	5.806
JUN	Lung	2.23e-217	2.82e-77	7.041	5.421
JUN	MammaryGland	4.53e-134	1.2e-34	7.134	4.639
JUN	UmbilicalVein	2.31e-279	2.01e-54	6.335	4.099
KLF10	Liver	1.09e-10	0.159	8.998	2.135
KLF1	BoneMarrow	2.9e-74	6.99e-11	7.289	3.593
KLF1	EmbryonicKidney	4.16e-278	0.298	5.511	-1.337
KLF4	Breast	4.38e-17	0.000161	4.81	3.944
KLF4	Foreskin	3.56e-66	1.31e-08	5.102	4.69
KLF4	Skin	4.91e-69	5.27e-11	4.09	2.253
KLF5	Colon	1.68e-187	1.35e-51	7.105	5.727
KLF5	Stomach	2.31e-287	4.32e-10	7.075	2.411
KLF9	Breast	1.15e-101	5.25e-13	5.466	3.219
KLF9	EmbryonicKidney	1.59e-110	0.488	6.016	0.479
LEF1	BoneMarrow	2.51e-48	0.0226	8.117	3.012
MAFB	Foreskin	0.00794	0.0357	3.979	2.895
MAFF	BoneMarrow	1.18e-97	0.00236	8.208	6.226
MAFF	Liver	9.24e-218	0.0315	5.62	2.809
MAFK	Blood	6.24e-40	1.01e-12	6.046	5.046
MAFK	BoneMarrow	2.67e-68	4.99e-07	6.111	4.928
MAFK	Cervix	2.69e-57	6.57e-06	6.198	4.294
MAFK	Colon	5.37e-12	0.00507	8.298	6.382
MAFK	Embryo	1.59e-48	3.61e-13	5.815	5.554
MAFK	Liver	6.7e-109	7.47e-05	0.307	0.267
MAFK	Lung	7.41e-104	6.55e-22	5.467	4.419
MAX	Blood	1.07e-218	6.43e-39	4.281	3.071
MAX	BoneMarrow	2.43e-250	1.56e-10	4.826	2.692
MAX	Brain	2.89e-190	4.36e-27	6.041	4.668
MAX	Breast	7.52e-131	1.67e-07	6.811	3.002
MAX	Cervix	2.06e-102	0.108	8.526	4.749
MAX	Colon	6.27e-99	3.03e-22	7.604	6.368
MAX	Embryo	5.5e-191	7.91e-27	5.257	4.136
MAX	Liver	1.06e-171	0.099	7.499	1.736
MAX	Lung	1.81e-225	1.78e-18	4.326	2.566
MAX	UmbilicalVein	3.57e-100	1.22e-06	6.42	3.403
MAZ	Blood	1.25e-264	9.72e-85	7.943	6.273
MAZ	BoneMarrow	1.38e-301	3.08e-20	7.365	2.369
MAZ	Cervix	3.41e-230	1.68e-12	7.968	2.621
MAZ	EmbryonicKidney	7.18e-293	0.754	6.223	0.014
MAZ	Liver	6.66e-190	2.58e-18	7.932	3.881
MAZ	Lung	6.85e-301	1.64e-46	7.582	4.016
MEF2A	Blood	6.82e-46	0.001	8.31	8.309
MEF2A	Brain	5.76e-24	3.79e-05	10.245	8.075
MEF2C	Blood	4.79e-26	0.0389	10.167	7.458
MITF	Skin	1.78e-119	6.74e-16	5.144	4.469
MNT	Colon	2.08e-17	0.078	10.241	7.303
MNT	Liver	2.74e-243	0.00268	4.995	3.557
MYB	Blood	2.66e-285	8.59e-50	6.835	5.625
MYC	Blood	3.25e-181	5.79e-40	4.993	3.7
MYC	Bone	3.13e-114	5.75e-20	7.483	5.673
MYC	BoneMarrow	3.48e-164	1.32e-09	5.836	3.588
MYC	Brain	7.68e-74	5.45e-18	7.674	6.238
MYC	Breast	1.25e-246	1.13e-12	4.053	2.32
MYC	Cervix	7.02e-96	0.0343	7.961	1.91
MYC	Colon	2.44e-127	3.38e-32	6.088	4.78
MYC	Embryo	2.05e-68	4.94e-17	7.962	6.305
MYC	Liver	1.61e-74	8.59e-05	7.628	3.141
MYC	Lung	6.62e-206	3.96e-21	4.787	3.38
MYC	MammaryGland	1.63e-110	1.35e-18	6.935	5.802
MYCN	BoneMarrow	1.06e-77	4.49e-08	7.242	5.74
MYC	Prostate	1.42e-70	1.43e-06	6.376	4.344
MYC	Skin	4.22e-162	2.6e-22	5.115	3.123
MYC	UmbilicalVein	5.25e-63	4.79e-09	7.294	5.952
MYNN	BoneMarrow	3.07e-13	0.786	3.353	-0.852
MYOD1	Muscle	1.73e-218	4.62e-13	3.781	1.796
MYOG	Embryo	1.09e-14	0.0098	2.413	1.153
NANOG	Embryo	1.92e-304	4.78e-40	8.33	6.478
NANOG	Prostate	1.5e-101	0.00114	8.406	5.694
NEUROG2	FetalLung	5.44e-288	6.28e-08	6.233	2.939
NFATC1	Blood	9.62e-20	0.0199	7.791	7.288
NFATC1	UmbilicalVein	9.72e-14	0.1	10.853	9.981
NFE2	BoneMarrow	1.59e-55	4.94e-08	0.057	0.051
NFE2L2	Cervix	1.57e-25	0.000334	4.528	4.241
NFE2L2	Lung	4.74e-51	2.65e-12	3.642	3.015
NFIA	BoneMarrow	7.14e-139	2.21e-13	5.108	3.06
NFIA	Liver	2.53e-52	0.304	7.101	3.028
NFIL3	Liver	3.1e-43	0.0362	9.745	5.781
NFYA	Blood	8.46e-35	1.18e-08	9.2	7.391
NFYA	BoneMarrow	1.7e-139	8.17e-09	9.438	4.559
NFYA	Cervix	1.77e-62	0.00333	9.398	6.362
NFYA	Colon	7.94e-54	3.94e-08	9.842	9.143
NR2C2	Blood	1.39e-09	6.93e-05	4.734	3.791
NR2C2	BoneMarrow	3.33e-30	0.386	4.758	1.701
NR2C2	Cervix	1.34e-08	0.105	5.869	3.992
NR2C2	Liver	1.89e-09	0.343	5.945	1.078
NR2C2	Lung	2.2e-07	0.019	8.836	8.375
NR2F1	BoneMarrow	1.85e-291	6.86e-09	6.438	3.824
NR2F1	Cranial	2.93e-260	0.273	5.326	-0.798
NR2F2	BoneMarrow	3.16e-195	3.6e-08	8.728	5.382
NR2F2	Breast	2.56e-267	1.9e-16	5.926	3.469
NR2F2	Liver	1.08e-296	5.27e-07	7.078	4.254
NR2F2	Lung	6.01e-37	3.25e-07	7.477	5.86
NR2F6	BoneMarrow	2.3e-183	5.59e-06	7.068	3.858
NR2F6	Liver	2.75e-202	0.000148	8.017	3.684
NR3C1	Blood	5.71e-32	1.73e-08	3.648	3.534
NR3C1	Bone	3.31e-95	1.03e-09	2.383	2.391
NR3C1	Breast	8.75e-101	0.000345	2.966	1.529
NR3C1	Cervix	5.6e-29	0.0246	5.514	3.84
NR3C1	Liver	8.88e-06	0.6	2.873	1.063
NR3C1	Lung	3.05e-129	3.1e-17	3.157	2.604
NR3C1	Muscle	6.6e-99	0.000313	4.441	3.702
NR3C1	Prostate	1.72e-78	2.41e-09	2.866	2.38
NR4A1	BoneMarrow	1.17e-17	0.00103	6.82	3.043
NR5A2	Breast	2.85e-45	3.25e-05	5.09	4.32
NRF1	Blood	6.03e-24	1.36e-14	3.659	3.133
NRF1	BoneMarrow	3.21e-42	3.14e-06	0.11	0.068
NRF1	Brain	7.3e-32	2.11e-08	4.475	2.041
NRF1	Breast	1.17e-28	4.79e-08	5.231	2.759
NRF1	Cervix	2.25e-23	0.02	5.165	2.152
NRF1	Embryo	6.12e-25	1.16e-09	0.59	0.384
NRF1	Liver	4.13e-35	0.0018	3.268	0.789
NRF1	MammaryGland	2.45e-33	2.25e-05	3.383	0.582
OTX2	Embryo	1.87e-258	1.51e-16	5.442	2.767
PAX3	Muscle	1.41e-09	0.848	3.206	0.703
PAX5	Blood	2.53e-77	9.35e-17	4.736	4.194
PBX1	MammaryGland	0.000152	0.182	3.021	1.37
PBX2	BoneMarrow	1.44e-166	0.0104	6.334	3.084
PBX3	Blood	2.59e-30	9.38e-10	4.44	3.586
PBX3	Brain	1.22e-38	0.000397	4.861	4.39
PBX3	Liver	4.45e-21	0.0571	4.577	5.933
PBX3	Lung	3.41e-10	0.0302	9.497	5.159
PDX1	Embryo	2.84e-103	8.66e-06	3.862	2.84
PKNOX1	BoneMarrow	2.57e-76	0.000551	3.846	3.807
POU2F2	Blood	1.37e-71	2.53e-05	7.276	3.347
POU5F1	Embryo	1.38e-94	6.26e-07	5.443	2.777
POU5F1	Skin	1.13e-31	0.00562	3.335	2.118
PPARG	Adipose	6.25e-215	0.227	3.244	0.97
PPARG	Blood	2.53e-13	0.0328	7.513	4.933
PRDM14	Embryo	1.72e-19	0.0145	2.493	1.285
PRDM1	Cervix	5.72e-31	0.0689	6.516	1.961
RARA	Blood	5.97e-28	6.18e-06	9.04	6.487
RARA	BoneMarrow	1.64e-71	1.52e-07	10.814	9.586
RARA	Breast	2.36e-115	2.6e-10	9.376	8.386
RBPJ	Blood	1.98e-122	1.45e-23	6.608	5.012
RELA	Blood	8.02e-189	4.7e-42	4.741	3.751
RELA	BoneMarrow	3.79e-15	0.0342	7.31	7.286
RELA	Breast	3.4e-50	0.00566	3.883	1.227
RELA	Cervix	9.12e-57	0.534	4.588	0.339
RELA	Colon	9.77e-32	1e-07	4.826	4.964
RELA	Liver	1.47e-30	0.0651	4.173	2.632
RELA	Lung	5.88e-169	1.45e-12	4.184	1.801
RELA	Prostate	3.11e-55	0.00992	3.381	2.57
RELA	UmbilicalVein	4.89e-94	4.48e-08	5.856	3.482
REST	AdrenalGland	3.34e-14	0.278	3.415	0.138
REST	Blood	4.77e-13	3.21e-05	0.042	0.021
REST	BoneMarrow	3.27e-16	0.155	1.517	0.163
REST	Brain	1.17e-12	0.171	0.102	0.021
REST	Breast	4.56e-09	0.505	1.631	0.004
REST	Cervix	1.23e-10	0.276	1.712	0.434
REST	Colon	2.86e-14	7.18e-05	2.616	1.381
REST	Embryo	7.96e-08	0.0687	0.106	0.009
REST	Liver	5.43e-16	0.245	2.648	0.476
REST	Lung	6.13e-12	0.0721	2.511	1.396
REST	Pancreas	2.8e-13	0.311	0.115	0.008
RFX1	BoneMarrow	4.78e-82	8.44e-05	0.141	0.216
RFX1	Breast	5.64e-77	1.67e-07	5.334	4.844
RFX1	Colon	7.86e-06	0.0306	0.272	0.252
RFX2	Colon	1.2e-13	0.00445	8.433	7.944
RFX5	Blood	1.36e-12	0.00106	6.509	5.647
RFX5	Brain	8.32e-25	4.27e-05	5.43	4.025
RFX5	Cervix	1.84e-25	0.503	5.5	1.504
RFX5	Embryo	4.5e-12	0.00565	3.237	1.497
RFX5	Liver	1.13e-16	0.166	3.653	2.085
RFX5	Lung	1.4e-11	0.0157	4.025	2.587
RUNX1	Blood	1.74e-297	9.74e-75	7.141	5.574
RUNX1	BoneMarrow	1.06e-276	2.01e-15	6.484	3.09
RUNX1	Breast	1.04e-21	0.0034	8.551	5.7
RUNX1	Cordblood	9.08e-125	4.68e-08	7.113	4.052
RUNX1	Kidney	2.56e-170	2.63e-23	9.267	9.86
RUNX1	Prostate	1.28e-16	0.0068	4.941	3.315
RUNX2	Prostate	3.07e-171	1.73e-10	3.798	3.752
RXRA	Blood	2.24e-06	0.00855	0.961	0.95
RXRA	Brain	1.81e-47	6.87e-13	8.317	6.993
RXRA	Colon	2.07e-41	4.98e-09	6.144	5.883
RXRA	Embryo	1.74e-13	0.0013	5.989	3.134
RXRA	Liver	1.6e-150	1.28e-10	8.054	5.691
SIX1	Kidney	2.25e-18	0.000714	4.749	3.759
SIX2	Kidney	4e-238	1.87e-18	4.103	3.086
SMAD2	Embryo	2.42e-40	0.000651	2.175	1.384
SMAD3	Embryo	7.22e-173	2.87e-23	6.65	4.797
SMAD3	Lung	2.94e-275	5.83e-38	7.561	5.421
SMAD4	Embryo	9.55e-44	0.000376	3.81	1.866
SMAD4	Liver	1.9e-86	3.97e-05	9.31	6.247
SMAD4	Lung	4.17e-36	5.55e-07	6.291	5.621
SOX2	Colon	6.9e-12	0.0955	9.089	5.377
SOX2	Embryo	1.48e-17	0.00014	7.007	5.545
SOX2	Skin	3.63e-112	8.71e-15	3.767	3.641
SOX2	Thyroid	2.57e-22	0.103	8.758	8.56
SOX4	FetalLung	7.87e-106	0.000132	7.382	7.334
SOX9	Colon	2.66e-27	0.000122	7.217	5.983
SP1	Blood	3.02e-77	1.3e-42	5.227	3.712
SP1	BoneMarrow	1.2e-41	1.23e-14	5.04	2.468
SP1	Colon	1.85e-113	1.11e-32	2.723	0.857
SP1	Embryo	1.34e-72	1.68e-40	4.789	3.031
SP1	EmbryonicKidney	1.93e-61	0.00889	3.381	2.767
SP1	Liver	6.68e-57	3.81e-16	4.927	2.322
SP1	Lung	3.22e-73	1.08e-19	5.417	2.558
SP2	BoneMarrow	8.75e-54	1.72e-09	8.876	8.273
SP2	Colon	1.03e-16	8.38e-08	8.88	8.658
SP2	Embryo	8.79e-34	3.59e-14	8.987	8.333
SP2	EmbryonicKidney	3.59e-301	0.0177	8.346	2.824
SPDEF	Lung	1.18e-21	0.000179	5.059	4.449
SPI1	Blood	8.51e-260	1.04e-60	3.974	3.209
SPI1	BoneMarrow	1.84e-204	4.46e-14	3.409	2.223
SPI1	Cordblood	1.21e-74	7.07e-14	5.394	3.41
SPI1	Kidney	1.98e-46	0.000886	4.063	2.941
SPIB	BoneMarrow	3.67e-137	3.3e-06	2.843	1.631
SREBF1	Breast	1.62e-07	0.1	4.201	6.707
SRF	Blood	6.54e-29	1.03e-05	5.615	4.137
SRF	BoneMarrow	8.85e-21	0.0742	7.507	2.742
SRF	Breast	2.43e-26	0.104	6.48	3.83
SRF	Colon	7.86e-30	0.00135	7.802	7.1
SRF	Embryo	3.15e-40	0.00809	6.229	3.616
SRF	Liver	1.39e-25	0.585	6.114	1.93
SRF	Muscle	4.33e-31	0.0212	7.285	6.529
STAT1	Blood	4.78e-48	5.02e-07	6.355	4.452
STAT1	BoneMarrow	1.26e-23	0.0512	8.141	3.825
STAT1	Cervix	2.54e-65	0.00926	4.808	3.354
STAT3	Blood	1.11e-39	5.16e-08	7.343	5.985
STAT3	BoneMarrow	1.1e-51	9.28e-05	6.821	4.475
STAT3	Breast	1.39e-274	1.76e-16	6.108	3.227
STAT3	Cervix	2e-65	0.0353	9.695	6.104
STAT3	Lung	6.14e-62	3.84e-10	7.856	5.487
STAT3	LymphNode	6.52e-45	0.588	8.009	-0.479
STAT4	Blood	9.04e-54	2.09e-10	1.906	1.175
STAT5A	Blood	7.15e-21	0.134	8.004	5.332
STAT5A	BoneMarrow	1.88e-27	0.135	10.765	5.659
TAL1	Blood	6.43e-281	7.22e-89	7.752	6.892
TAL1	BoneMarrow	9.65e-308	5.34e-23	8.743	5.906
TAL1	Colon	3.02e-10	0.00567	2.82	2.628
TAL1	Cordblood	1.77e-296	2.17e-26	7.67	6.454
TBP	Blood	2.49e-43	2.69e-10	9.096	8.062
TBP	BoneMarrow	3.87e-45	0.668	9.215	1.247
TBP	Cervix	6.65e-47	0.331	9.395	-1.719
TBP	Embryo	8.74e-34	0.00129	9.04	5.318
TBP	Liver	4.67e-27	0.214	9.848	2.588
TBX21	Blood	1.42e-189	6.69e-35	7.297	6.241
TCF12	Blood	7.68e-289	1.06e-69	7.319	5.384
TCF12	Brain	9.9e-299	7.35e-53	7.727	5.199
TCF12	Breast	2.07e-89	7.16e-11	9.63	7.82
TCF12	Embryo	1.85e-294	9.56e-54	7.314	5.221
TCF12	Liver	1.3e-111	0.000977	9.281	4.936
TCF12	Lung	3.31e-239	4.16e-35	9.193	7.065
TCF21	Coronaryarterysmoothmuscle	1.34e-161	1.51e-08	5.734	2.34
TCF4	Colon	2.15e-17	0.000525	4.982	5.32
TCF4	Embryo	6.97e-05	0.16	8.221	7.549
TCF7L1	Blood	5.61e-22	1.17e-06	6.269	5.512
TCF7L1	Colon	1.08e-19	0.000219	7.324	6.335
TCF7L2	Blood	9.98e-08	0.0523	5.949	5.316
TCF7L2	Breast	6.03e-13	0.00843	6.581	4.758
TCF7L2	Cervix	1.28e-11	0.348	3.519	-1.478
TCF7L2	Colon	4.46e-15	0.00278	3.992	2.058
TCF7L2	Pancreas	1.15e-13	0.0147	4.245	4.298
TCF7L2	Prostate	4.32e-23	0.00866	3.892	4.822
TCF7	Liver	5.39e-38	0.135	6.751	5.016
TEAD1	Muscle	2.66e-224	6.49e-10	5.985	3.673
TEAD2	BoneMarrow	2.46e-16	0.0043	7.295	7.627
TEAD4	BoneMarrow	6.39e-141	0.00636	5.413	3.249
TEAD4	Brain	2.02e-96	1.32e-20	8.3	6.84
TEAD4	Breast	1.01e-100	1.29e-12	7.498	4.772
TEAD4	Colon	1.17e-72	7.74e-10	9.022	7.875
TEAD4	Embryo	1.74e-266	1.05e-32	5.142	2.898
TEAD4	Liver	4.26e-102	0.0883	7.932	7.778
TEAD4	Lung	2.89e-59	2.26e-10	7.992	7.311
TFAP2A	Breast	1.56e-193	2.28e-18	4.601	2.324
TFAP2A	Cervix	1.48e-142	0.0332	5.609	0.975
TFAP2A	Cranial	1.22e-225	0.857	3.948	-0.593
TFAP2C	Breast	1.84e-241	1.37e-24	4.473	2.068
TFAP2C	Cervix	2.1e-213	1.04e-05	5.886	1.634
TFAP2C	MammaryGland	1.11e-244	7.84e-24	4.696	2.792
TFAP2C	Skin	1.73e-234	1.97e-43	4.779	3.266
TFAP4	Liver	1.93e-230	0.000115	6.941	2.544
TGIF2	Liver	3.01e-178	0.00481	10.961	4.347
THAP11	Embryo	9.17e-17	0.000345	7.202	5.793
TP53	Blood	3.84e-35	5.3e-07	3.297	3.584
TP53	Bone	1.92e-42	1.59e-05	3.119	4.002
TP53	Breast	7.34e-10	0.00724	12.344	9.994
TP53	Colon	2.86e-16	0.000266	5.752	5.472
TP53	Embryo	3.1e-26	0.98	4.224	0.607
TP53	FetalSkin	1.29e-30	0.143	3.578	5.137
TP53	Foreskin	3.18e-43	4.35e-07	3.808	2.457
TP53	Lung	1.96e-27	1.55e-05	4.358	3.396
TP53	Skin	1.55e-14	6.62e-05	6.472	4.565
TP63	Breast	3.39e-98	1.56e-08	5.763	3.372
TP63	Foreskin	4.28e-156	1.47e-22	4.987	3.278
TP63	Lung	2.3e-36	3.63e-05	5.488	3.256
TP63	Prostate	5.55e-46	0.00135	6.32	2.902
TP63	Skin	1.11e-178	7.7e-21	4.725	3.207
TP63	Thyroid	3.23e-34	0.00307	5.797	4.64
TP73	Bone	3.64e-30	5.53e-05	1.525	1.358
USF1	Blood	8.62e-83	1.07e-26	6.603	5.545
USF1	BoneMarrow	2.69e-167	1.41e-06	5.34	2.164
USF1	Brain	3.23e-147	2.25e-19	5.3	4.16
USF1	Colon	2.74e-103	1.45e-25	7.313	7.218
USF1	Embryo	2.45e-197	7.98e-22	4.694	3.569
USF1	Liver	3.6e-176	0.0338	5.284	0.963
USF1	Lung	2.73e-105	6.47e-16	6.496	4.614
USF2	Blood	1.57e-44	2.61e-12	6.204	5.659
USF2	BoneMarrow	2.34e-66	7.79e-05	5.099	2.774
USF2	Cervix	7.11e-54	0.432	5.053	1.575
USF2	Embryo	1.96e-47	6.34e-07	5.861	3.858
USF2	Liver	4.91e-93	0.0591	4.968	2.102
VDR	Blood	1.28e-25	7.71e-05	1.777	1.562
VDR	Colon	1.36e-14	0.0265	2.374	3.842
VDR	Prostate	2.67e-12	0.214	2.087	1.887
YY1	Blood	8.18e-28	1.48e-05	3.2	2.849
YY1	BoneMarrow	1.41e-34	0.247	3.25	1.466
YY1	Brain	4.58e-23	0.0535	5.006	3.979
YY1	Colon	2.72e-16	0.202	6.414	6.475
YY1	Embryo	3.33e-40	0.0113	2.509	0.975
YY1	Liver	7.78e-25	0.157	5.893	2.265
YY1	Lung	5.93e-21	0.0509	5.255	4.385
ZBTB33	Blood	3.65e-07	0.00619	4.163	3.836
ZBTB33	BoneMarrow	5.97e-11	0.0546	2.963	1.237
ZBTB33	Brain	1.69e-06	0.0274	5.352	3.54
ZBTB33	Colon	2.79e-06	0.719	5.987	2.752
ZBTB33	Liver	1.14e-06	0.0446	4.6	1.613
ZBTB33	Lung	5.59e-07	0.509	5.205	-0.642
ZBTB7A	BoneMarrow	6.75e-298	9.81e-11	7.133	2.413
ZBTB7A	Endometrium	1.13e-262	0.485	6.969	2.114
ZBTB7A	Liver	2.84e-165	8.78e-07	7.439	2.045
ZEB1	Blood	1.21e-169	3.12e-30	8.283	6.723
ZEB1	Liver	1.76e-225	0.0559	9.428	1.111
ZEB1	Lung	1.63e-53	6.46e-05	8.587	5.2
ZEB1	MammaryGland	3.68e-220	7.29e-23	7.896	6.442
ZEB2	BoneMarrow	4.86e-181	4.58e-07	8.227	3.351
ZFX	BoneMarrow	1.77e-115	4.84e-09	8.064	6.254
ZFX	Breast	3.82e-277	3.01e-26	6.366	5.728
ZFX	Cerebellum	2.41e-34	0.000502	7.275	6.824
ZFX	Colon	4.42e-279	7.24e-42	5.903	4.045
ZFX	Kidney	2.56e-254	2.48e-34	5.756	6.616
ZFX	Prostate	4.29e-264	1.24e-24	5.314	4.337
ZKSCAN1	BoneMarrow	9.8e-28	0.00895	1.445	1.622
ZNF143	Blood	9.05e-48	3.67e-10	4.536	4.281
ZNF143	BoneMarrow	1.1e-30	0.0103	7.513	5.31
ZNF143	Cervix	4.1e-20	0.0525	10.517	5.522
ZNF143	Colon	1.27e-18	1.69e-06	7.334	6.796
ZNF143	Embryo	1.2e-39	4.81e-07	6.253	4.301
ZNF263	BoneMarrow	1.63e-112	1.63e-07	5.597	3.294
ZNF467	EmbryonicKidney	7.03e-125	0.655	4.22	1.762
ZNF711	Breast	1.07e-84	3.25e-17	10.011	9.456
