individual	path
HG00096	/beagle3/haky/users/temi/projects/TFXcan-snakemake/data/prostate_cancer_risk_2024-09-30/aggregated_predictions/prostate_cancer_risk/HG00096_aggByCollect_prostate_cancer_risk.csv.gz
HG00097	/beagle3/haky/users/temi/projects/TFXcan-snakemake/data/prostate_cancer_risk_2024-09-30/aggregated_predictions/prostate_cancer_risk/HG00097_aggByCollect_prostate_cancer_risk.csv.gz
HG00099	/beagle3/haky/users/temi/projects/TFXcan-snakemake/data/prostate_cancer_risk_2024-09-30/aggregated_predictions/prostate_cancer_risk/HG00099_aggByCollect_prostate_cancer_risk.csv.gz
HG00100	/beagle3/haky/users/temi/projects/TFXcan-snakemake/data/prostate_cancer_risk_2024-09-30/aggregated_predictions/prostate_cancer_risk/HG00100_aggByCollect_prostate_cancer_risk.csv.gz
HG00101	/beagle3/haky/users/temi/projects/TFXcan-snakemake/data/prostate_cancer_risk_2024-09-30/aggregated_predictions/prostate_cancer_risk/HG00101_aggByCollect_prostate_cancer_risk.csv.gz
HG00102	/beagle3/haky/users/temi/projects/TFXcan-snakemake/data/prostate_cancer_risk_2024-09-30/aggregated_predictions/prostate_cancer_risk/HG00102_aggByCollect_prostate_cancer_risk.csv.gz
HG00103	/beagle3/haky/users/temi/projects/TFXcan-snakemake/data/prostate_cancer_risk_2024-09-30/aggregated_predictions/prostate_cancer_risk/HG00103_aggByCollect_prostate_cancer_risk.csv.gz
HG00104	/beagle3/haky/users/temi/projects/TFXcan-snakemake/data/prostate_cancer_risk_2024-09-30/aggregated_predictions/prostate_cancer_risk/HG00104_aggByCollect_prostate_cancer_risk.csv.gz
HG00105	/beagle3/haky/users/temi/projects/TFXcan-snakemake/data/prostate_cancer_risk_2024-09-30/aggregated_predictions/prostate_cancer_risk/HG00105_aggByCollect_prostate_cancer_risk.csv.gz
HG00106	/beagle3/haky/users/temi/projects/TFXcan-snakemake/data/prostate_cancer_risk_2024-09-30/aggregated_predictions/prostate_cancer_risk/HG00106_aggByCollect_prostate_cancer_risk.csv.gz
HG00107	/beagle3/haky/users/temi/projects/TFXcan-snakemake/data/prostate_cancer_risk_2024-09-30/aggregated_predictions/prostate_cancer_risk/HG00107_aggByCollect_prostate_cancer_risk.csv.gz
HG00108	/beagle3/haky/users/temi/projects/TFXcan-snakemake/data/prostate_cancer_risk_2024-09-30/aggregated_predictions/prostate_cancer_risk/HG00108_aggByCollect_prostate_cancer_risk.csv.gz
HG00109	/beagle3/haky/users/temi/projects/TFXcan-snakemake/data/prostate_cancer_risk_2024-09-30/aggregated_predictions/prostate_cancer_risk/HG00109_aggByCollect_prostate_cancer_risk.csv.gz
HG00110	/beagle3/haky/users/temi/projects/TFXcan-snakemake/data/prostate_cancer_risk_2024-09-30/aggregated_predictions/prostate_cancer_risk/HG00110_aggByCollect_prostate_cancer_risk.csv.gz
HG00111	/beagle3/haky/users/temi/projects/TFXcan-snakemake/data/prostate_cancer_risk_2024-09-30/aggregated_predictions/prostate_cancer_risk/HG00111_aggByCollect_prostate_cancer_risk.csv.gz
HG00112	/beagle3/haky/users/temi/projects/TFXcan-snakemake/data/prostate_cancer_risk_2024-09-30/aggregated_predictions/prostate_cancer_risk/HG00112_aggByCollect_prostate_cancer_risk.csv.gz
HG00113	/beagle3/haky/users/temi/projects/TFXcan-snakemake/data/prostate_cancer_risk_2024-09-30/aggregated_predictions/prostate_cancer_risk/HG00113_aggByCollect_prostate_cancer_risk.csv.gz
HG00114	/beagle3/haky/users/temi/projects/TFXcan-snakemake/data/prostate_cancer_risk_2024-09-30/aggregated_predictions/prostate_cancer_risk/HG00114_aggByCollect_prostate_cancer_risk.csv.gz
HG00115	/beagle3/haky/users/temi/projects/TFXcan-snakemake/data/prostate_cancer_risk_2024-09-30/aggregated_predictions/prostate_cancer_risk/HG00115_aggByCollect_prostate_cancer_risk.csv.gz
HG00116	/beagle3/haky/users/temi/projects/TFXcan-snakemake/data/prostate_cancer_risk_2024-09-30/aggregated_predictions/prostate_cancer_risk/HG00116_aggByCollect_prostate_cancer_risk.csv.gz
HG00117	/beagle3/haky/users/temi/projects/TFXcan-snakemake/data/prostate_cancer_risk_2024-09-30/aggregated_predictions/prostate_cancer_risk/HG00117_aggByCollect_prostate_cancer_risk.csv.gz
HG00118	/beagle3/haky/users/temi/projects/TFXcan-snakemake/data/prostate_cancer_risk_2024-09-30/aggregated_predictions/prostate_cancer_risk/HG00118_aggByCollect_prostate_cancer_risk.csv.gz
HG00119	/beagle3/haky/users/temi/projects/TFXcan-snakemake/data/prostate_cancer_risk_2024-09-30/aggregated_predictions/prostate_cancer_risk/HG00119_aggByCollect_prostate_cancer_risk.csv.gz
HG00120	/beagle3/haky/users/temi/projects/TFXcan-snakemake/data/prostate_cancer_risk_2024-09-30/aggregated_predictions/prostate_cancer_risk/HG00120_aggByCollect_prostate_cancer_risk.csv.gz
HG00121	/beagle3/haky/users/temi/projects/TFXcan-snakemake/data/prostate_cancer_risk_2024-09-30/aggregated_predictions/prostate_cancer_risk/HG00121_aggByCollect_prostate_cancer_risk.csv.gz
HG00122	/beagle3/haky/users/temi/projects/TFXcan-snakemake/data/prostate_cancer_risk_2024-09-30/aggregated_predictions/prostate_cancer_risk/HG00122_aggByCollect_prostate_cancer_risk.csv.gz
HG00123	/beagle3/haky/users/temi/projects/TFXcan-snakemake/data/prostate_cancer_risk_2024-09-30/aggregated_predictions/prostate_cancer_risk/HG00123_aggByCollect_prostate_cancer_risk.csv.gz
HG00125	/beagle3/haky/users/temi/projects/TFXcan-snakemake/data/prostate_cancer_risk_2024-09-30/aggregated_predictions/prostate_cancer_risk/HG00125_aggByCollect_prostate_cancer_risk.csv.gz
HG00126	/beagle3/haky/users/temi/projects/TFXcan-snakemake/data/prostate_cancer_risk_2024-09-30/aggregated_predictions/prostate_cancer_risk/HG00126_aggByCollect_prostate_cancer_risk.csv.gz
HG00127	/beagle3/haky/users/temi/projects/TFXcan-snakemake/data/prostate_cancer_risk_2024-09-30/aggregated_predictions/prostate_cancer_risk/HG00127_aggByCollect_prostate_cancer_risk.csv.gz
HG00128	/beagle3/haky/users/temi/projects/TFXcan-snakemake/data/prostate_cancer_risk_2024-09-30/aggregated_predictions/prostate_cancer_risk/HG00128_aggByCollect_prostate_cancer_risk.csv.gz
HG00129	/beagle3/haky/users/temi/projects/TFXcan-snakemake/data/prostate_cancer_risk_2024-09-30/aggregated_predictions/prostate_cancer_risk/HG00129_aggByCollect_prostate_cancer_risk.csv.gz
HG00130	/beagle3/haky/users/temi/projects/TFXcan-snakemake/data/prostate_cancer_risk_2024-09-30/aggregated_predictions/prostate_cancer_risk/HG00130_aggByCollect_prostate_cancer_risk.csv.gz
HG00131	/beagle3/haky/users/temi/projects/TFXcan-snakemake/data/prostate_cancer_risk_2024-09-30/aggregated_predictions/prostate_cancer_risk/HG00131_aggByCollect_prostate_cancer_risk.csv.gz
HG00132	/beagle3/haky/users/temi/projects/TFXcan-snakemake/data/prostate_cancer_risk_2024-09-30/aggregated_predictions/prostate_cancer_risk/HG00132_aggByCollect_prostate_cancer_risk.csv.gz
HG00133	/beagle3/haky/users/temi/projects/TFXcan-snakemake/data/prostate_cancer_risk_2024-09-30/aggregated_predictions/prostate_cancer_risk/HG00133_aggByCollect_prostate_cancer_risk.csv.gz
HG00134	/beagle3/haky/users/temi/projects/TFXcan-snakemake/data/prostate_cancer_risk_2024-09-30/aggregated_predictions/prostate_cancer_risk/HG00134_aggByCollect_prostate_cancer_risk.csv.gz
HG00135	/beagle3/haky/users/temi/projects/TFXcan-snakemake/data/prostate_cancer_risk_2024-09-30/aggregated_predictions/prostate_cancer_risk/HG00135_aggByCollect_prostate_cancer_risk.csv.gz
HG00136	/beagle3/haky/users/temi/projects/TFXcan-snakemake/data/prostate_cancer_risk_2024-09-30/aggregated_predictions/prostate_cancer_risk/HG00136_aggByCollect_prostate_cancer_risk.csv.gz
HG00137	/beagle3/haky/users/temi/projects/TFXcan-snakemake/data/prostate_cancer_risk_2024-09-30/aggregated_predictions/prostate_cancer_risk/HG00137_aggByCollect_prostate_cancer_risk.csv.gz
HG00138	/beagle3/haky/users/temi/projects/TFXcan-snakemake/data/prostate_cancer_risk_2024-09-30/aggregated_predictions/prostate_cancer_risk/HG00138_aggByCollect_prostate_cancer_risk.csv.gz
HG00139	/beagle3/haky/users/temi/projects/TFXcan-snakemake/data/prostate_cancer_risk_2024-09-30/aggregated_predictions/prostate_cancer_risk/HG00139_aggByCollect_prostate_cancer_risk.csv.gz
HG00140	/beagle3/haky/users/temi/projects/TFXcan-snakemake/data/prostate_cancer_risk_2024-09-30/aggregated_predictions/prostate_cancer_risk/HG00140_aggByCollect_prostate_cancer_risk.csv.gz
HG00141	/beagle3/haky/users/temi/projects/TFXcan-snakemake/data/prostate_cancer_risk_2024-09-30/aggregated_predictions/prostate_cancer_risk/HG00141_aggByCollect_prostate_cancer_risk.csv.gz
HG00142	/beagle3/haky/users/temi/projects/TFXcan-snakemake/data/prostate_cancer_risk_2024-09-30/aggregated_predictions/prostate_cancer_risk/HG00142_aggByCollect_prostate_cancer_risk.csv.gz
HG00143	/beagle3/haky/users/temi/projects/TFXcan-snakemake/data/prostate_cancer_risk_2024-09-30/aggregated_predictions/prostate_cancer_risk/HG00143_aggByCollect_prostate_cancer_risk.csv.gz
HG00145	/beagle3/haky/users/temi/projects/TFXcan-snakemake/data/prostate_cancer_risk_2024-09-30/aggregated_predictions/prostate_cancer_risk/HG00145_aggByCollect_prostate_cancer_risk.csv.gz
HG00146	/beagle3/haky/users/temi/projects/TFXcan-snakemake/data/prostate_cancer_risk_2024-09-30/aggregated_predictions/prostate_cancer_risk/HG00146_aggByCollect_prostate_cancer_risk.csv.gz
HG00148	/beagle3/haky/users/temi/projects/TFXcan-snakemake/data/prostate_cancer_risk_2024-09-30/aggregated_predictions/prostate_cancer_risk/HG00148_aggByCollect_prostate_cancer_risk.csv.gz
HG00149	/beagle3/haky/users/temi/projects/TFXcan-snakemake/data/prostate_cancer_risk_2024-09-30/aggregated_predictions/prostate_cancer_risk/HG00149_aggByCollect_prostate_cancer_risk.csv.gz
HG00150	/beagle3/haky/users/temi/projects/TFXcan-snakemake/data/prostate_cancer_risk_2024-09-30/aggregated_predictions/prostate_cancer_risk/HG00150_aggByCollect_prostate_cancer_risk.csv.gz
HG00151	/beagle3/haky/users/temi/projects/TFXcan-snakemake/data/prostate_cancer_risk_2024-09-30/aggregated_predictions/prostate_cancer_risk/HG00151_aggByCollect_prostate_cancer_risk.csv.gz
HG00152	/beagle3/haky/users/temi/projects/TFXcan-snakemake/data/prostate_cancer_risk_2024-09-30/aggregated_predictions/prostate_cancer_risk/HG00152_aggByCollect_prostate_cancer_risk.csv.gz
HG00154	/beagle3/haky/users/temi/projects/TFXcan-snakemake/data/prostate_cancer_risk_2024-09-30/aggregated_predictions/prostate_cancer_risk/HG00154_aggByCollect_prostate_cancer_risk.csv.gz
HG00155	/beagle3/haky/users/temi/projects/TFXcan-snakemake/data/prostate_cancer_risk_2024-09-30/aggregated_predictions/prostate_cancer_risk/HG00155_aggByCollect_prostate_cancer_risk.csv.gz
HG00156	/beagle3/haky/users/temi/projects/TFXcan-snakemake/data/prostate_cancer_risk_2024-09-30/aggregated_predictions/prostate_cancer_risk/HG00156_aggByCollect_prostate_cancer_risk.csv.gz
HG00157	/beagle3/haky/users/temi/projects/TFXcan-snakemake/data/prostate_cancer_risk_2024-09-30/aggregated_predictions/prostate_cancer_risk/HG00157_aggByCollect_prostate_cancer_risk.csv.gz
HG00158	/beagle3/haky/users/temi/projects/TFXcan-snakemake/data/prostate_cancer_risk_2024-09-30/aggregated_predictions/prostate_cancer_risk/HG00158_aggByCollect_prostate_cancer_risk.csv.gz
HG00159	/beagle3/haky/users/temi/projects/TFXcan-snakemake/data/prostate_cancer_risk_2024-09-30/aggregated_predictions/prostate_cancer_risk/HG00159_aggByCollect_prostate_cancer_risk.csv.gz
HG00160	/beagle3/haky/users/temi/projects/TFXcan-snakemake/data/prostate_cancer_risk_2024-09-30/aggregated_predictions/prostate_cancer_risk/HG00160_aggByCollect_prostate_cancer_risk.csv.gz
HG00171	/beagle3/haky/users/temi/projects/TFXcan-snakemake/data/prostate_cancer_risk_2024-09-30/aggregated_predictions/prostate_cancer_risk/HG00171_aggByCollect_prostate_cancer_risk.csv.gz
HG00173	/beagle3/haky/users/temi/projects/TFXcan-snakemake/data/prostate_cancer_risk_2024-09-30/aggregated_predictions/prostate_cancer_risk/HG00173_aggByCollect_prostate_cancer_risk.csv.gz
HG00174	/beagle3/haky/users/temi/projects/TFXcan-snakemake/data/prostate_cancer_risk_2024-09-30/aggregated_predictions/prostate_cancer_risk/HG00174_aggByCollect_prostate_cancer_risk.csv.gz
HG00176	/beagle3/haky/users/temi/projects/TFXcan-snakemake/data/prostate_cancer_risk_2024-09-30/aggregated_predictions/prostate_cancer_risk/HG00176_aggByCollect_prostate_cancer_risk.csv.gz
HG00177	/beagle3/haky/users/temi/projects/TFXcan-snakemake/data/prostate_cancer_risk_2024-09-30/aggregated_predictions/prostate_cancer_risk/HG00177_aggByCollect_prostate_cancer_risk.csv.gz
HG00178	/beagle3/haky/users/temi/projects/TFXcan-snakemake/data/prostate_cancer_risk_2024-09-30/aggregated_predictions/prostate_cancer_risk/HG00178_aggByCollect_prostate_cancer_risk.csv.gz
HG00179	/beagle3/haky/users/temi/projects/TFXcan-snakemake/data/prostate_cancer_risk_2024-09-30/aggregated_predictions/prostate_cancer_risk/HG00179_aggByCollect_prostate_cancer_risk.csv.gz
HG00180	/beagle3/haky/users/temi/projects/TFXcan-snakemake/data/prostate_cancer_risk_2024-09-30/aggregated_predictions/prostate_cancer_risk/HG00180_aggByCollect_prostate_cancer_risk.csv.gz
HG00181	/beagle3/haky/users/temi/projects/TFXcan-snakemake/data/prostate_cancer_risk_2024-09-30/aggregated_predictions/prostate_cancer_risk/HG00181_aggByCollect_prostate_cancer_risk.csv.gz
HG00182	/beagle3/haky/users/temi/projects/TFXcan-snakemake/data/prostate_cancer_risk_2024-09-30/aggregated_predictions/prostate_cancer_risk/HG00182_aggByCollect_prostate_cancer_risk.csv.gz
HG00183	/beagle3/haky/users/temi/projects/TFXcan-snakemake/data/prostate_cancer_risk_2024-09-30/aggregated_predictions/prostate_cancer_risk/HG00183_aggByCollect_prostate_cancer_risk.csv.gz
HG00185	/beagle3/haky/users/temi/projects/TFXcan-snakemake/data/prostate_cancer_risk_2024-09-30/aggregated_predictions/prostate_cancer_risk/HG00185_aggByCollect_prostate_cancer_risk.csv.gz
HG00186	/beagle3/haky/users/temi/projects/TFXcan-snakemake/data/prostate_cancer_risk_2024-09-30/aggregated_predictions/prostate_cancer_risk/HG00186_aggByCollect_prostate_cancer_risk.csv.gz
HG00187	/beagle3/haky/users/temi/projects/TFXcan-snakemake/data/prostate_cancer_risk_2024-09-30/aggregated_predictions/prostate_cancer_risk/HG00187_aggByCollect_prostate_cancer_risk.csv.gz
HG00188	/beagle3/haky/users/temi/projects/TFXcan-snakemake/data/prostate_cancer_risk_2024-09-30/aggregated_predictions/prostate_cancer_risk/HG00188_aggByCollect_prostate_cancer_risk.csv.gz
HG00189	/beagle3/haky/users/temi/projects/TFXcan-snakemake/data/prostate_cancer_risk_2024-09-30/aggregated_predictions/prostate_cancer_risk/HG00189_aggByCollect_prostate_cancer_risk.csv.gz
HG00190	/beagle3/haky/users/temi/projects/TFXcan-snakemake/data/prostate_cancer_risk_2024-09-30/aggregated_predictions/prostate_cancer_risk/HG00190_aggByCollect_prostate_cancer_risk.csv.gz
HG00231	/beagle3/haky/users/temi/projects/TFXcan-snakemake/data/prostate_cancer_risk_2024-09-30/aggregated_predictions/prostate_cancer_risk/HG00231_aggByCollect_prostate_cancer_risk.csv.gz
HG00232	/beagle3/haky/users/temi/projects/TFXcan-snakemake/data/prostate_cancer_risk_2024-09-30/aggregated_predictions/prostate_cancer_risk/HG00232_aggByCollect_prostate_cancer_risk.csv.gz
HG00233	/beagle3/haky/users/temi/projects/TFXcan-snakemake/data/prostate_cancer_risk_2024-09-30/aggregated_predictions/prostate_cancer_risk/HG00233_aggByCollect_prostate_cancer_risk.csv.gz
HG00234	/beagle3/haky/users/temi/projects/TFXcan-snakemake/data/prostate_cancer_risk_2024-09-30/aggregated_predictions/prostate_cancer_risk/HG00234_aggByCollect_prostate_cancer_risk.csv.gz
HG00235	/beagle3/haky/users/temi/projects/TFXcan-snakemake/data/prostate_cancer_risk_2024-09-30/aggregated_predictions/prostate_cancer_risk/HG00235_aggByCollect_prostate_cancer_risk.csv.gz
HG00236	/beagle3/haky/users/temi/projects/TFXcan-snakemake/data/prostate_cancer_risk_2024-09-30/aggregated_predictions/prostate_cancer_risk/HG00236_aggByCollect_prostate_cancer_risk.csv.gz
HG00237	/beagle3/haky/users/temi/projects/TFXcan-snakemake/data/prostate_cancer_risk_2024-09-30/aggregated_predictions/prostate_cancer_risk/HG00237_aggByCollect_prostate_cancer_risk.csv.gz
HG00238	/beagle3/haky/users/temi/projects/TFXcan-snakemake/data/prostate_cancer_risk_2024-09-30/aggregated_predictions/prostate_cancer_risk/HG00238_aggByCollect_prostate_cancer_risk.csv.gz
HG00239	/beagle3/haky/users/temi/projects/TFXcan-snakemake/data/prostate_cancer_risk_2024-09-30/aggregated_predictions/prostate_cancer_risk/HG00239_aggByCollect_prostate_cancer_risk.csv.gz
HG00240	/beagle3/haky/users/temi/projects/TFXcan-snakemake/data/prostate_cancer_risk_2024-09-30/aggregated_predictions/prostate_cancer_risk/HG00240_aggByCollect_prostate_cancer_risk.csv.gz
HG00242	/beagle3/haky/users/temi/projects/TFXcan-snakemake/data/prostate_cancer_risk_2024-09-30/aggregated_predictions/prostate_cancer_risk/HG00242_aggByCollect_prostate_cancer_risk.csv.gz
HG00243	/beagle3/haky/users/temi/projects/TFXcan-snakemake/data/prostate_cancer_risk_2024-09-30/aggregated_predictions/prostate_cancer_risk/HG00243_aggByCollect_prostate_cancer_risk.csv.gz
HG00244	/beagle3/haky/users/temi/projects/TFXcan-snakemake/data/prostate_cancer_risk_2024-09-30/aggregated_predictions/prostate_cancer_risk/HG00244_aggByCollect_prostate_cancer_risk.csv.gz
HG00245	/beagle3/haky/users/temi/projects/TFXcan-snakemake/data/prostate_cancer_risk_2024-09-30/aggregated_predictions/prostate_cancer_risk/HG00245_aggByCollect_prostate_cancer_risk.csv.gz
HG00246	/beagle3/haky/users/temi/projects/TFXcan-snakemake/data/prostate_cancer_risk_2024-09-30/aggregated_predictions/prostate_cancer_risk/HG00246_aggByCollect_prostate_cancer_risk.csv.gz
HG00249	/beagle3/haky/users/temi/projects/TFXcan-snakemake/data/prostate_cancer_risk_2024-09-30/aggregated_predictions/prostate_cancer_risk/HG00249_aggByCollect_prostate_cancer_risk.csv.gz
HG00250	/beagle3/haky/users/temi/projects/TFXcan-snakemake/data/prostate_cancer_risk_2024-09-30/aggregated_predictions/prostate_cancer_risk/HG00250_aggByCollect_prostate_cancer_risk.csv.gz
HG00251	/beagle3/haky/users/temi/projects/TFXcan-snakemake/data/prostate_cancer_risk_2024-09-30/aggregated_predictions/prostate_cancer_risk/HG00251_aggByCollect_prostate_cancer_risk.csv.gz
HG00252	/beagle3/haky/users/temi/projects/TFXcan-snakemake/data/prostate_cancer_risk_2024-09-30/aggregated_predictions/prostate_cancer_risk/HG00252_aggByCollect_prostate_cancer_risk.csv.gz
HG00253	/beagle3/haky/users/temi/projects/TFXcan-snakemake/data/prostate_cancer_risk_2024-09-30/aggregated_predictions/prostate_cancer_risk/HG00253_aggByCollect_prostate_cancer_risk.csv.gz
HG00254	/beagle3/haky/users/temi/projects/TFXcan-snakemake/data/prostate_cancer_risk_2024-09-30/aggregated_predictions/prostate_cancer_risk/HG00254_aggByCollect_prostate_cancer_risk.csv.gz
HG00255	/beagle3/haky/users/temi/projects/TFXcan-snakemake/data/prostate_cancer_risk_2024-09-30/aggregated_predictions/prostate_cancer_risk/HG00255_aggByCollect_prostate_cancer_risk.csv.gz
HG00256	/beagle3/haky/users/temi/projects/TFXcan-snakemake/data/prostate_cancer_risk_2024-09-30/aggregated_predictions/prostate_cancer_risk/HG00256_aggByCollect_prostate_cancer_risk.csv.gz
HG00257	/beagle3/haky/users/temi/projects/TFXcan-snakemake/data/prostate_cancer_risk_2024-09-30/aggregated_predictions/prostate_cancer_risk/HG00257_aggByCollect_prostate_cancer_risk.csv.gz
HG00258	/beagle3/haky/users/temi/projects/TFXcan-snakemake/data/prostate_cancer_risk_2024-09-30/aggregated_predictions/prostate_cancer_risk/HG00258_aggByCollect_prostate_cancer_risk.csv.gz
HG00259	/beagle3/haky/users/temi/projects/TFXcan-snakemake/data/prostate_cancer_risk_2024-09-30/aggregated_predictions/prostate_cancer_risk/HG00259_aggByCollect_prostate_cancer_risk.csv.gz
HG00260	/beagle3/haky/users/temi/projects/TFXcan-snakemake/data/prostate_cancer_risk_2024-09-30/aggregated_predictions/prostate_cancer_risk/HG00260_aggByCollect_prostate_cancer_risk.csv.gz
HG00261	/beagle3/haky/users/temi/projects/TFXcan-snakemake/data/prostate_cancer_risk_2024-09-30/aggregated_predictions/prostate_cancer_risk/HG00261_aggByCollect_prostate_cancer_risk.csv.gz
HG00262	/beagle3/haky/users/temi/projects/TFXcan-snakemake/data/prostate_cancer_risk_2024-09-30/aggregated_predictions/prostate_cancer_risk/HG00262_aggByCollect_prostate_cancer_risk.csv.gz
HG00263	/beagle3/haky/users/temi/projects/TFXcan-snakemake/data/prostate_cancer_risk_2024-09-30/aggregated_predictions/prostate_cancer_risk/HG00263_aggByCollect_prostate_cancer_risk.csv.gz
HG00264	/beagle3/haky/users/temi/projects/TFXcan-snakemake/data/prostate_cancer_risk_2024-09-30/aggregated_predictions/prostate_cancer_risk/HG00264_aggByCollect_prostate_cancer_risk.csv.gz
HG00265	/beagle3/haky/users/temi/projects/TFXcan-snakemake/data/prostate_cancer_risk_2024-09-30/aggregated_predictions/prostate_cancer_risk/HG00265_aggByCollect_prostate_cancer_risk.csv.gz
HG00266	/beagle3/haky/users/temi/projects/TFXcan-snakemake/data/prostate_cancer_risk_2024-09-30/aggregated_predictions/prostate_cancer_risk/HG00266_aggByCollect_prostate_cancer_risk.csv.gz
HG00267	/beagle3/haky/users/temi/projects/TFXcan-snakemake/data/prostate_cancer_risk_2024-09-30/aggregated_predictions/prostate_cancer_risk/HG00267_aggByCollect_prostate_cancer_risk.csv.gz
HG00268	/beagle3/haky/users/temi/projects/TFXcan-snakemake/data/prostate_cancer_risk_2024-09-30/aggregated_predictions/prostate_cancer_risk/HG00268_aggByCollect_prostate_cancer_risk.csv.gz
HG00269	/beagle3/haky/users/temi/projects/TFXcan-snakemake/data/prostate_cancer_risk_2024-09-30/aggregated_predictions/prostate_cancer_risk/HG00269_aggByCollect_prostate_cancer_risk.csv.gz
HG00270	/beagle3/haky/users/temi/projects/TFXcan-snakemake/data/prostate_cancer_risk_2024-09-30/aggregated_predictions/prostate_cancer_risk/HG00270_aggByCollect_prostate_cancer_risk.csv.gz
HG00271	/beagle3/haky/users/temi/projects/TFXcan-snakemake/data/prostate_cancer_risk_2024-09-30/aggregated_predictions/prostate_cancer_risk/HG00271_aggByCollect_prostate_cancer_risk.csv.gz
HG00272	/beagle3/haky/users/temi/projects/TFXcan-snakemake/data/prostate_cancer_risk_2024-09-30/aggregated_predictions/prostate_cancer_risk/HG00272_aggByCollect_prostate_cancer_risk.csv.gz
HG00273	/beagle3/haky/users/temi/projects/TFXcan-snakemake/data/prostate_cancer_risk_2024-09-30/aggregated_predictions/prostate_cancer_risk/HG00273_aggByCollect_prostate_cancer_risk.csv.gz
HG00274	/beagle3/haky/users/temi/projects/TFXcan-snakemake/data/prostate_cancer_risk_2024-09-30/aggregated_predictions/prostate_cancer_risk/HG00274_aggByCollect_prostate_cancer_risk.csv.gz
HG00275	/beagle3/haky/users/temi/projects/TFXcan-snakemake/data/prostate_cancer_risk_2024-09-30/aggregated_predictions/prostate_cancer_risk/HG00275_aggByCollect_prostate_cancer_risk.csv.gz
HG00276	/beagle3/haky/users/temi/projects/TFXcan-snakemake/data/prostate_cancer_risk_2024-09-30/aggregated_predictions/prostate_cancer_risk/HG00276_aggByCollect_prostate_cancer_risk.csv.gz
HG00277	/beagle3/haky/users/temi/projects/TFXcan-snakemake/data/prostate_cancer_risk_2024-09-30/aggregated_predictions/prostate_cancer_risk/HG00277_aggByCollect_prostate_cancer_risk.csv.gz
HG00278	/beagle3/haky/users/temi/projects/TFXcan-snakemake/data/prostate_cancer_risk_2024-09-30/aggregated_predictions/prostate_cancer_risk/HG00278_aggByCollect_prostate_cancer_risk.csv.gz
HG00280	/beagle3/haky/users/temi/projects/TFXcan-snakemake/data/prostate_cancer_risk_2024-09-30/aggregated_predictions/prostate_cancer_risk/HG00280_aggByCollect_prostate_cancer_risk.csv.gz
HG00281	/beagle3/haky/users/temi/projects/TFXcan-snakemake/data/prostate_cancer_risk_2024-09-30/aggregated_predictions/prostate_cancer_risk/HG00281_aggByCollect_prostate_cancer_risk.csv.gz
HG00282	/beagle3/haky/users/temi/projects/TFXcan-snakemake/data/prostate_cancer_risk_2024-09-30/aggregated_predictions/prostate_cancer_risk/HG00282_aggByCollect_prostate_cancer_risk.csv.gz
HG00284	/beagle3/haky/users/temi/projects/TFXcan-snakemake/data/prostate_cancer_risk_2024-09-30/aggregated_predictions/prostate_cancer_risk/HG00284_aggByCollect_prostate_cancer_risk.csv.gz
HG00285	/beagle3/haky/users/temi/projects/TFXcan-snakemake/data/prostate_cancer_risk_2024-09-30/aggregated_predictions/prostate_cancer_risk/HG00285_aggByCollect_prostate_cancer_risk.csv.gz
HG00288	/beagle3/haky/users/temi/projects/TFXcan-snakemake/data/prostate_cancer_risk_2024-09-30/aggregated_predictions/prostate_cancer_risk/HG00288_aggByCollect_prostate_cancer_risk.csv.gz
HG00290	/beagle3/haky/users/temi/projects/TFXcan-snakemake/data/prostate_cancer_risk_2024-09-30/aggregated_predictions/prostate_cancer_risk/HG00290_aggByCollect_prostate_cancer_risk.csv.gz
HG00302	/beagle3/haky/users/temi/projects/TFXcan-snakemake/data/prostate_cancer_risk_2024-09-30/aggregated_predictions/prostate_cancer_risk/HG00302_aggByCollect_prostate_cancer_risk.csv.gz
HG00303	/beagle3/haky/users/temi/projects/TFXcan-snakemake/data/prostate_cancer_risk_2024-09-30/aggregated_predictions/prostate_cancer_risk/HG00303_aggByCollect_prostate_cancer_risk.csv.gz
HG00304	/beagle3/haky/users/temi/projects/TFXcan-snakemake/data/prostate_cancer_risk_2024-09-30/aggregated_predictions/prostate_cancer_risk/HG00304_aggByCollect_prostate_cancer_risk.csv.gz
HG00306	/beagle3/haky/users/temi/projects/TFXcan-snakemake/data/prostate_cancer_risk_2024-09-30/aggregated_predictions/prostate_cancer_risk/HG00306_aggByCollect_prostate_cancer_risk.csv.gz
HG00308	/beagle3/haky/users/temi/projects/TFXcan-snakemake/data/prostate_cancer_risk_2024-09-30/aggregated_predictions/prostate_cancer_risk/HG00308_aggByCollect_prostate_cancer_risk.csv.gz
HG00309	/beagle3/haky/users/temi/projects/TFXcan-snakemake/data/prostate_cancer_risk_2024-09-30/aggregated_predictions/prostate_cancer_risk/HG00309_aggByCollect_prostate_cancer_risk.csv.gz
HG00310	/beagle3/haky/users/temi/projects/TFXcan-snakemake/data/prostate_cancer_risk_2024-09-30/aggregated_predictions/prostate_cancer_risk/HG00310_aggByCollect_prostate_cancer_risk.csv.gz
HG00311	/beagle3/haky/users/temi/projects/TFXcan-snakemake/data/prostate_cancer_risk_2024-09-30/aggregated_predictions/prostate_cancer_risk/HG00311_aggByCollect_prostate_cancer_risk.csv.gz
HG00312	/beagle3/haky/users/temi/projects/TFXcan-snakemake/data/prostate_cancer_risk_2024-09-30/aggregated_predictions/prostate_cancer_risk/HG00312_aggByCollect_prostate_cancer_risk.csv.gz
HG00313	/beagle3/haky/users/temi/projects/TFXcan-snakemake/data/prostate_cancer_risk_2024-09-30/aggregated_predictions/prostate_cancer_risk/HG00313_aggByCollect_prostate_cancer_risk.csv.gz
HG00315	/beagle3/haky/users/temi/projects/TFXcan-snakemake/data/prostate_cancer_risk_2024-09-30/aggregated_predictions/prostate_cancer_risk/HG00315_aggByCollect_prostate_cancer_risk.csv.gz
HG00318	/beagle3/haky/users/temi/projects/TFXcan-snakemake/data/prostate_cancer_risk_2024-09-30/aggregated_predictions/prostate_cancer_risk/HG00318_aggByCollect_prostate_cancer_risk.csv.gz
HG00319	/beagle3/haky/users/temi/projects/TFXcan-snakemake/data/prostate_cancer_risk_2024-09-30/aggregated_predictions/prostate_cancer_risk/HG00319_aggByCollect_prostate_cancer_risk.csv.gz
HG00320	/beagle3/haky/users/temi/projects/TFXcan-snakemake/data/prostate_cancer_risk_2024-09-30/aggregated_predictions/prostate_cancer_risk/HG00320_aggByCollect_prostate_cancer_risk.csv.gz
HG00321	/beagle3/haky/users/temi/projects/TFXcan-snakemake/data/prostate_cancer_risk_2024-09-30/aggregated_predictions/prostate_cancer_risk/HG00321_aggByCollect_prostate_cancer_risk.csv.gz
HG00323	/beagle3/haky/users/temi/projects/TFXcan-snakemake/data/prostate_cancer_risk_2024-09-30/aggregated_predictions/prostate_cancer_risk/HG00323_aggByCollect_prostate_cancer_risk.csv.gz
HG00324	/beagle3/haky/users/temi/projects/TFXcan-snakemake/data/prostate_cancer_risk_2024-09-30/aggregated_predictions/prostate_cancer_risk/HG00324_aggByCollect_prostate_cancer_risk.csv.gz
HG00325	/beagle3/haky/users/temi/projects/TFXcan-snakemake/data/prostate_cancer_risk_2024-09-30/aggregated_predictions/prostate_cancer_risk/HG00325_aggByCollect_prostate_cancer_risk.csv.gz
HG00326	/beagle3/haky/users/temi/projects/TFXcan-snakemake/data/prostate_cancer_risk_2024-09-30/aggregated_predictions/prostate_cancer_risk/HG00326_aggByCollect_prostate_cancer_risk.csv.gz
HG00327	/beagle3/haky/users/temi/projects/TFXcan-snakemake/data/prostate_cancer_risk_2024-09-30/aggregated_predictions/prostate_cancer_risk/HG00327_aggByCollect_prostate_cancer_risk.csv.gz
HG00328	/beagle3/haky/users/temi/projects/TFXcan-snakemake/data/prostate_cancer_risk_2024-09-30/aggregated_predictions/prostate_cancer_risk/HG00328_aggByCollect_prostate_cancer_risk.csv.gz
HG00329	/beagle3/haky/users/temi/projects/TFXcan-snakemake/data/prostate_cancer_risk_2024-09-30/aggregated_predictions/prostate_cancer_risk/HG00329_aggByCollect_prostate_cancer_risk.csv.gz
HG00330	/beagle3/haky/users/temi/projects/TFXcan-snakemake/data/prostate_cancer_risk_2024-09-30/aggregated_predictions/prostate_cancer_risk/HG00330_aggByCollect_prostate_cancer_risk.csv.gz
HG00331	/beagle3/haky/users/temi/projects/TFXcan-snakemake/data/prostate_cancer_risk_2024-09-30/aggregated_predictions/prostate_cancer_risk/HG00331_aggByCollect_prostate_cancer_risk.csv.gz
HG00332	/beagle3/haky/users/temi/projects/TFXcan-snakemake/data/prostate_cancer_risk_2024-09-30/aggregated_predictions/prostate_cancer_risk/HG00332_aggByCollect_prostate_cancer_risk.csv.gz
HG00334	/beagle3/haky/users/temi/projects/TFXcan-snakemake/data/prostate_cancer_risk_2024-09-30/aggregated_predictions/prostate_cancer_risk/HG00334_aggByCollect_prostate_cancer_risk.csv.gz
HG00335	/beagle3/haky/users/temi/projects/TFXcan-snakemake/data/prostate_cancer_risk_2024-09-30/aggregated_predictions/prostate_cancer_risk/HG00335_aggByCollect_prostate_cancer_risk.csv.gz
HG00336	/beagle3/haky/users/temi/projects/TFXcan-snakemake/data/prostate_cancer_risk_2024-09-30/aggregated_predictions/prostate_cancer_risk/HG00336_aggByCollect_prostate_cancer_risk.csv.gz
HG00337	/beagle3/haky/users/temi/projects/TFXcan-snakemake/data/prostate_cancer_risk_2024-09-30/aggregated_predictions/prostate_cancer_risk/HG00337_aggByCollect_prostate_cancer_risk.csv.gz
HG00338	/beagle3/haky/users/temi/projects/TFXcan-snakemake/data/prostate_cancer_risk_2024-09-30/aggregated_predictions/prostate_cancer_risk/HG00338_aggByCollect_prostate_cancer_risk.csv.gz
HG00339	/beagle3/haky/users/temi/projects/TFXcan-snakemake/data/prostate_cancer_risk_2024-09-30/aggregated_predictions/prostate_cancer_risk/HG00339_aggByCollect_prostate_cancer_risk.csv.gz
HG00341	/beagle3/haky/users/temi/projects/TFXcan-snakemake/data/prostate_cancer_risk_2024-09-30/aggregated_predictions/prostate_cancer_risk/HG00341_aggByCollect_prostate_cancer_risk.csv.gz
HG00342	/beagle3/haky/users/temi/projects/TFXcan-snakemake/data/prostate_cancer_risk_2024-09-30/aggregated_predictions/prostate_cancer_risk/HG00342_aggByCollect_prostate_cancer_risk.csv.gz
HG00343	/beagle3/haky/users/temi/projects/TFXcan-snakemake/data/prostate_cancer_risk_2024-09-30/aggregated_predictions/prostate_cancer_risk/HG00343_aggByCollect_prostate_cancer_risk.csv.gz
HG00344	/beagle3/haky/users/temi/projects/TFXcan-snakemake/data/prostate_cancer_risk_2024-09-30/aggregated_predictions/prostate_cancer_risk/HG00344_aggByCollect_prostate_cancer_risk.csv.gz
HG00345	/beagle3/haky/users/temi/projects/TFXcan-snakemake/data/prostate_cancer_risk_2024-09-30/aggregated_predictions/prostate_cancer_risk/HG00345_aggByCollect_prostate_cancer_risk.csv.gz
HG00346	/beagle3/haky/users/temi/projects/TFXcan-snakemake/data/prostate_cancer_risk_2024-09-30/aggregated_predictions/prostate_cancer_risk/HG00346_aggByCollect_prostate_cancer_risk.csv.gz
HG00349	/beagle3/haky/users/temi/projects/TFXcan-snakemake/data/prostate_cancer_risk_2024-09-30/aggregated_predictions/prostate_cancer_risk/HG00349_aggByCollect_prostate_cancer_risk.csv.gz
HG00350	/beagle3/haky/users/temi/projects/TFXcan-snakemake/data/prostate_cancer_risk_2024-09-30/aggregated_predictions/prostate_cancer_risk/HG00350_aggByCollect_prostate_cancer_risk.csv.gz
HG00351	/beagle3/haky/users/temi/projects/TFXcan-snakemake/data/prostate_cancer_risk_2024-09-30/aggregated_predictions/prostate_cancer_risk/HG00351_aggByCollect_prostate_cancer_risk.csv.gz
HG00353	/beagle3/haky/users/temi/projects/TFXcan-snakemake/data/prostate_cancer_risk_2024-09-30/aggregated_predictions/prostate_cancer_risk/HG00353_aggByCollect_prostate_cancer_risk.csv.gz
HG00355	/beagle3/haky/users/temi/projects/TFXcan-snakemake/data/prostate_cancer_risk_2024-09-30/aggregated_predictions/prostate_cancer_risk/HG00355_aggByCollect_prostate_cancer_risk.csv.gz
HG00356	/beagle3/haky/users/temi/projects/TFXcan-snakemake/data/prostate_cancer_risk_2024-09-30/aggregated_predictions/prostate_cancer_risk/HG00356_aggByCollect_prostate_cancer_risk.csv.gz
HG00357	/beagle3/haky/users/temi/projects/TFXcan-snakemake/data/prostate_cancer_risk_2024-09-30/aggregated_predictions/prostate_cancer_risk/HG00357_aggByCollect_prostate_cancer_risk.csv.gz
HG00358	/beagle3/haky/users/temi/projects/TFXcan-snakemake/data/prostate_cancer_risk_2024-09-30/aggregated_predictions/prostate_cancer_risk/HG00358_aggByCollect_prostate_cancer_risk.csv.gz
HG00359	/beagle3/haky/users/temi/projects/TFXcan-snakemake/data/prostate_cancer_risk_2024-09-30/aggregated_predictions/prostate_cancer_risk/HG00359_aggByCollect_prostate_cancer_risk.csv.gz
HG00360	/beagle3/haky/users/temi/projects/TFXcan-snakemake/data/prostate_cancer_risk_2024-09-30/aggregated_predictions/prostate_cancer_risk/HG00360_aggByCollect_prostate_cancer_risk.csv.gz
HG00361	/beagle3/haky/users/temi/projects/TFXcan-snakemake/data/prostate_cancer_risk_2024-09-30/aggregated_predictions/prostate_cancer_risk/HG00361_aggByCollect_prostate_cancer_risk.csv.gz
HG00362	/beagle3/haky/users/temi/projects/TFXcan-snakemake/data/prostate_cancer_risk_2024-09-30/aggregated_predictions/prostate_cancer_risk/HG00362_aggByCollect_prostate_cancer_risk.csv.gz
HG00364	/beagle3/haky/users/temi/projects/TFXcan-snakemake/data/prostate_cancer_risk_2024-09-30/aggregated_predictions/prostate_cancer_risk/HG00364_aggByCollect_prostate_cancer_risk.csv.gz
HG00365	/beagle3/haky/users/temi/projects/TFXcan-snakemake/data/prostate_cancer_risk_2024-09-30/aggregated_predictions/prostate_cancer_risk/HG00365_aggByCollect_prostate_cancer_risk.csv.gz
HG00366	/beagle3/haky/users/temi/projects/TFXcan-snakemake/data/prostate_cancer_risk_2024-09-30/aggregated_predictions/prostate_cancer_risk/HG00366_aggByCollect_prostate_cancer_risk.csv.gz
HG00367	/beagle3/haky/users/temi/projects/TFXcan-snakemake/data/prostate_cancer_risk_2024-09-30/aggregated_predictions/prostate_cancer_risk/HG00367_aggByCollect_prostate_cancer_risk.csv.gz
HG00368	/beagle3/haky/users/temi/projects/TFXcan-snakemake/data/prostate_cancer_risk_2024-09-30/aggregated_predictions/prostate_cancer_risk/HG00368_aggByCollect_prostate_cancer_risk.csv.gz
HG00369	/beagle3/haky/users/temi/projects/TFXcan-snakemake/data/prostate_cancer_risk_2024-09-30/aggregated_predictions/prostate_cancer_risk/HG00369_aggByCollect_prostate_cancer_risk.csv.gz
HG00371	/beagle3/haky/users/temi/projects/TFXcan-snakemake/data/prostate_cancer_risk_2024-09-30/aggregated_predictions/prostate_cancer_risk/HG00371_aggByCollect_prostate_cancer_risk.csv.gz
HG00372	/beagle3/haky/users/temi/projects/TFXcan-snakemake/data/prostate_cancer_risk_2024-09-30/aggregated_predictions/prostate_cancer_risk/HG00372_aggByCollect_prostate_cancer_risk.csv.gz
HG00373	/beagle3/haky/users/temi/projects/TFXcan-snakemake/data/prostate_cancer_risk_2024-09-30/aggregated_predictions/prostate_cancer_risk/HG00373_aggByCollect_prostate_cancer_risk.csv.gz
HG00375	/beagle3/haky/users/temi/projects/TFXcan-snakemake/data/prostate_cancer_risk_2024-09-30/aggregated_predictions/prostate_cancer_risk/HG00375_aggByCollect_prostate_cancer_risk.csv.gz
HG00376	/beagle3/haky/users/temi/projects/TFXcan-snakemake/data/prostate_cancer_risk_2024-09-30/aggregated_predictions/prostate_cancer_risk/HG00376_aggByCollect_prostate_cancer_risk.csv.gz
HG00377	/beagle3/haky/users/temi/projects/TFXcan-snakemake/data/prostate_cancer_risk_2024-09-30/aggregated_predictions/prostate_cancer_risk/HG00377_aggByCollect_prostate_cancer_risk.csv.gz
HG00378	/beagle3/haky/users/temi/projects/TFXcan-snakemake/data/prostate_cancer_risk_2024-09-30/aggregated_predictions/prostate_cancer_risk/HG00378_aggByCollect_prostate_cancer_risk.csv.gz
HG00379	/beagle3/haky/users/temi/projects/TFXcan-snakemake/data/prostate_cancer_risk_2024-09-30/aggregated_predictions/prostate_cancer_risk/HG00379_aggByCollect_prostate_cancer_risk.csv.gz
HG00380	/beagle3/haky/users/temi/projects/TFXcan-snakemake/data/prostate_cancer_risk_2024-09-30/aggregated_predictions/prostate_cancer_risk/HG00380_aggByCollect_prostate_cancer_risk.csv.gz
HG00381	/beagle3/haky/users/temi/projects/TFXcan-snakemake/data/prostate_cancer_risk_2024-09-30/aggregated_predictions/prostate_cancer_risk/HG00381_aggByCollect_prostate_cancer_risk.csv.gz
HG00382	/beagle3/haky/users/temi/projects/TFXcan-snakemake/data/prostate_cancer_risk_2024-09-30/aggregated_predictions/prostate_cancer_risk/HG00382_aggByCollect_prostate_cancer_risk.csv.gz
HG00383	/beagle3/haky/users/temi/projects/TFXcan-snakemake/data/prostate_cancer_risk_2024-09-30/aggregated_predictions/prostate_cancer_risk/HG00383_aggByCollect_prostate_cancer_risk.csv.gz
HG00384	/beagle3/haky/users/temi/projects/TFXcan-snakemake/data/prostate_cancer_risk_2024-09-30/aggregated_predictions/prostate_cancer_risk/HG00384_aggByCollect_prostate_cancer_risk.csv.gz
HG01334	/beagle3/haky/users/temi/projects/TFXcan-snakemake/data/prostate_cancer_risk_2024-09-30/aggregated_predictions/prostate_cancer_risk/HG01334_aggByCollect_prostate_cancer_risk.csv.gz
HG01500	/beagle3/haky/users/temi/projects/TFXcan-snakemake/data/prostate_cancer_risk_2024-09-30/aggregated_predictions/prostate_cancer_risk/HG01500_aggByCollect_prostate_cancer_risk.csv.gz
HG01501	/beagle3/haky/users/temi/projects/TFXcan-snakemake/data/prostate_cancer_risk_2024-09-30/aggregated_predictions/prostate_cancer_risk/HG01501_aggByCollect_prostate_cancer_risk.csv.gz
HG01503	/beagle3/haky/users/temi/projects/TFXcan-snakemake/data/prostate_cancer_risk_2024-09-30/aggregated_predictions/prostate_cancer_risk/HG01503_aggByCollect_prostate_cancer_risk.csv.gz
HG01504	/beagle3/haky/users/temi/projects/TFXcan-snakemake/data/prostate_cancer_risk_2024-09-30/aggregated_predictions/prostate_cancer_risk/HG01504_aggByCollect_prostate_cancer_risk.csv.gz
HG01506	/beagle3/haky/users/temi/projects/TFXcan-snakemake/data/prostate_cancer_risk_2024-09-30/aggregated_predictions/prostate_cancer_risk/HG01506_aggByCollect_prostate_cancer_risk.csv.gz
HG01507	/beagle3/haky/users/temi/projects/TFXcan-snakemake/data/prostate_cancer_risk_2024-09-30/aggregated_predictions/prostate_cancer_risk/HG01507_aggByCollect_prostate_cancer_risk.csv.gz
HG01509	/beagle3/haky/users/temi/projects/TFXcan-snakemake/data/prostate_cancer_risk_2024-09-30/aggregated_predictions/prostate_cancer_risk/HG01509_aggByCollect_prostate_cancer_risk.csv.gz
HG01510	/beagle3/haky/users/temi/projects/TFXcan-snakemake/data/prostate_cancer_risk_2024-09-30/aggregated_predictions/prostate_cancer_risk/HG01510_aggByCollect_prostate_cancer_risk.csv.gz
HG01512	/beagle3/haky/users/temi/projects/TFXcan-snakemake/data/prostate_cancer_risk_2024-09-30/aggregated_predictions/prostate_cancer_risk/HG01512_aggByCollect_prostate_cancer_risk.csv.gz
HG01513	/beagle3/haky/users/temi/projects/TFXcan-snakemake/data/prostate_cancer_risk_2024-09-30/aggregated_predictions/prostate_cancer_risk/HG01513_aggByCollect_prostate_cancer_risk.csv.gz
HG01515	/beagle3/haky/users/temi/projects/TFXcan-snakemake/data/prostate_cancer_risk_2024-09-30/aggregated_predictions/prostate_cancer_risk/HG01515_aggByCollect_prostate_cancer_risk.csv.gz
HG01516	/beagle3/haky/users/temi/projects/TFXcan-snakemake/data/prostate_cancer_risk_2024-09-30/aggregated_predictions/prostate_cancer_risk/HG01516_aggByCollect_prostate_cancer_risk.csv.gz
HG01518	/beagle3/haky/users/temi/projects/TFXcan-snakemake/data/prostate_cancer_risk_2024-09-30/aggregated_predictions/prostate_cancer_risk/HG01518_aggByCollect_prostate_cancer_risk.csv.gz
HG01519	/beagle3/haky/users/temi/projects/TFXcan-snakemake/data/prostate_cancer_risk_2024-09-30/aggregated_predictions/prostate_cancer_risk/HG01519_aggByCollect_prostate_cancer_risk.csv.gz
HG01521	/beagle3/haky/users/temi/projects/TFXcan-snakemake/data/prostate_cancer_risk_2024-09-30/aggregated_predictions/prostate_cancer_risk/HG01521_aggByCollect_prostate_cancer_risk.csv.gz
HG01522	/beagle3/haky/users/temi/projects/TFXcan-snakemake/data/prostate_cancer_risk_2024-09-30/aggregated_predictions/prostate_cancer_risk/HG01522_aggByCollect_prostate_cancer_risk.csv.gz
HG01524	/beagle3/haky/users/temi/projects/TFXcan-snakemake/data/prostate_cancer_risk_2024-09-30/aggregated_predictions/prostate_cancer_risk/HG01524_aggByCollect_prostate_cancer_risk.csv.gz
HG01525	/beagle3/haky/users/temi/projects/TFXcan-snakemake/data/prostate_cancer_risk_2024-09-30/aggregated_predictions/prostate_cancer_risk/HG01525_aggByCollect_prostate_cancer_risk.csv.gz
HG01527	/beagle3/haky/users/temi/projects/TFXcan-snakemake/data/prostate_cancer_risk_2024-09-30/aggregated_predictions/prostate_cancer_risk/HG01527_aggByCollect_prostate_cancer_risk.csv.gz
HG01528	/beagle3/haky/users/temi/projects/TFXcan-snakemake/data/prostate_cancer_risk_2024-09-30/aggregated_predictions/prostate_cancer_risk/HG01528_aggByCollect_prostate_cancer_risk.csv.gz
HG01530	/beagle3/haky/users/temi/projects/TFXcan-snakemake/data/prostate_cancer_risk_2024-09-30/aggregated_predictions/prostate_cancer_risk/HG01530_aggByCollect_prostate_cancer_risk.csv.gz
HG01531	/beagle3/haky/users/temi/projects/TFXcan-snakemake/data/prostate_cancer_risk_2024-09-30/aggregated_predictions/prostate_cancer_risk/HG01531_aggByCollect_prostate_cancer_risk.csv.gz
HG01536	/beagle3/haky/users/temi/projects/TFXcan-snakemake/data/prostate_cancer_risk_2024-09-30/aggregated_predictions/prostate_cancer_risk/HG01536_aggByCollect_prostate_cancer_risk.csv.gz
HG01537	/beagle3/haky/users/temi/projects/TFXcan-snakemake/data/prostate_cancer_risk_2024-09-30/aggregated_predictions/prostate_cancer_risk/HG01537_aggByCollect_prostate_cancer_risk.csv.gz
HG01602	/beagle3/haky/users/temi/projects/TFXcan-snakemake/data/prostate_cancer_risk_2024-09-30/aggregated_predictions/prostate_cancer_risk/HG01602_aggByCollect_prostate_cancer_risk.csv.gz
HG01603	/beagle3/haky/users/temi/projects/TFXcan-snakemake/data/prostate_cancer_risk_2024-09-30/aggregated_predictions/prostate_cancer_risk/HG01603_aggByCollect_prostate_cancer_risk.csv.gz
HG01605	/beagle3/haky/users/temi/projects/TFXcan-snakemake/data/prostate_cancer_risk_2024-09-30/aggregated_predictions/prostate_cancer_risk/HG01605_aggByCollect_prostate_cancer_risk.csv.gz
HG01606	/beagle3/haky/users/temi/projects/TFXcan-snakemake/data/prostate_cancer_risk_2024-09-30/aggregated_predictions/prostate_cancer_risk/HG01606_aggByCollect_prostate_cancer_risk.csv.gz
HG01607	/beagle3/haky/users/temi/projects/TFXcan-snakemake/data/prostate_cancer_risk_2024-09-30/aggregated_predictions/prostate_cancer_risk/HG01607_aggByCollect_prostate_cancer_risk.csv.gz
HG01608	/beagle3/haky/users/temi/projects/TFXcan-snakemake/data/prostate_cancer_risk_2024-09-30/aggregated_predictions/prostate_cancer_risk/HG01608_aggByCollect_prostate_cancer_risk.csv.gz
HG01610	/beagle3/haky/users/temi/projects/TFXcan-snakemake/data/prostate_cancer_risk_2024-09-30/aggregated_predictions/prostate_cancer_risk/HG01610_aggByCollect_prostate_cancer_risk.csv.gz
HG01612	/beagle3/haky/users/temi/projects/TFXcan-snakemake/data/prostate_cancer_risk_2024-09-30/aggregated_predictions/prostate_cancer_risk/HG01612_aggByCollect_prostate_cancer_risk.csv.gz
HG01613	/beagle3/haky/users/temi/projects/TFXcan-snakemake/data/prostate_cancer_risk_2024-09-30/aggregated_predictions/prostate_cancer_risk/HG01613_aggByCollect_prostate_cancer_risk.csv.gz
HG01615	/beagle3/haky/users/temi/projects/TFXcan-snakemake/data/prostate_cancer_risk_2024-09-30/aggregated_predictions/prostate_cancer_risk/HG01615_aggByCollect_prostate_cancer_risk.csv.gz
HG01617	/beagle3/haky/users/temi/projects/TFXcan-snakemake/data/prostate_cancer_risk_2024-09-30/aggregated_predictions/prostate_cancer_risk/HG01617_aggByCollect_prostate_cancer_risk.csv.gz
HG01618	/beagle3/haky/users/temi/projects/TFXcan-snakemake/data/prostate_cancer_risk_2024-09-30/aggregated_predictions/prostate_cancer_risk/HG01618_aggByCollect_prostate_cancer_risk.csv.gz
HG01619	/beagle3/haky/users/temi/projects/TFXcan-snakemake/data/prostate_cancer_risk_2024-09-30/aggregated_predictions/prostate_cancer_risk/HG01619_aggByCollect_prostate_cancer_risk.csv.gz
HG01620	/beagle3/haky/users/temi/projects/TFXcan-snakemake/data/prostate_cancer_risk_2024-09-30/aggregated_predictions/prostate_cancer_risk/HG01620_aggByCollect_prostate_cancer_risk.csv.gz
HG01623	/beagle3/haky/users/temi/projects/TFXcan-snakemake/data/prostate_cancer_risk_2024-09-30/aggregated_predictions/prostate_cancer_risk/HG01623_aggByCollect_prostate_cancer_risk.csv.gz
HG01624	/beagle3/haky/users/temi/projects/TFXcan-snakemake/data/prostate_cancer_risk_2024-09-30/aggregated_predictions/prostate_cancer_risk/HG01624_aggByCollect_prostate_cancer_risk.csv.gz
HG01625	/beagle3/haky/users/temi/projects/TFXcan-snakemake/data/prostate_cancer_risk_2024-09-30/aggregated_predictions/prostate_cancer_risk/HG01625_aggByCollect_prostate_cancer_risk.csv.gz
HG01626	/beagle3/haky/users/temi/projects/TFXcan-snakemake/data/prostate_cancer_risk_2024-09-30/aggregated_predictions/prostate_cancer_risk/HG01626_aggByCollect_prostate_cancer_risk.csv.gz
HG01628	/beagle3/haky/users/temi/projects/TFXcan-snakemake/data/prostate_cancer_risk_2024-09-30/aggregated_predictions/prostate_cancer_risk/HG01628_aggByCollect_prostate_cancer_risk.csv.gz
HG01630	/beagle3/haky/users/temi/projects/TFXcan-snakemake/data/prostate_cancer_risk_2024-09-30/aggregated_predictions/prostate_cancer_risk/HG01630_aggByCollect_prostate_cancer_risk.csv.gz
HG01631	/beagle3/haky/users/temi/projects/TFXcan-snakemake/data/prostate_cancer_risk_2024-09-30/aggregated_predictions/prostate_cancer_risk/HG01631_aggByCollect_prostate_cancer_risk.csv.gz
HG01632	/beagle3/haky/users/temi/projects/TFXcan-snakemake/data/prostate_cancer_risk_2024-09-30/aggregated_predictions/prostate_cancer_risk/HG01632_aggByCollect_prostate_cancer_risk.csv.gz
HG01668	/beagle3/haky/users/temi/projects/TFXcan-snakemake/data/prostate_cancer_risk_2024-09-30/aggregated_predictions/prostate_cancer_risk/HG01668_aggByCollect_prostate_cancer_risk.csv.gz
HG01669	/beagle3/haky/users/temi/projects/TFXcan-snakemake/data/prostate_cancer_risk_2024-09-30/aggregated_predictions/prostate_cancer_risk/HG01669_aggByCollect_prostate_cancer_risk.csv.gz
HG01670	/beagle3/haky/users/temi/projects/TFXcan-snakemake/data/prostate_cancer_risk_2024-09-30/aggregated_predictions/prostate_cancer_risk/HG01670_aggByCollect_prostate_cancer_risk.csv.gz
HG01672	/beagle3/haky/users/temi/projects/TFXcan-snakemake/data/prostate_cancer_risk_2024-09-30/aggregated_predictions/prostate_cancer_risk/HG01672_aggByCollect_prostate_cancer_risk.csv.gz
HG01673	/beagle3/haky/users/temi/projects/TFXcan-snakemake/data/prostate_cancer_risk_2024-09-30/aggregated_predictions/prostate_cancer_risk/HG01673_aggByCollect_prostate_cancer_risk.csv.gz
HG01675	/beagle3/haky/users/temi/projects/TFXcan-snakemake/data/prostate_cancer_risk_2024-09-30/aggregated_predictions/prostate_cancer_risk/HG01675_aggByCollect_prostate_cancer_risk.csv.gz
HG01676	/beagle3/haky/users/temi/projects/TFXcan-snakemake/data/prostate_cancer_risk_2024-09-30/aggregated_predictions/prostate_cancer_risk/HG01676_aggByCollect_prostate_cancer_risk.csv.gz
HG01678	/beagle3/haky/users/temi/projects/TFXcan-snakemake/data/prostate_cancer_risk_2024-09-30/aggregated_predictions/prostate_cancer_risk/HG01678_aggByCollect_prostate_cancer_risk.csv.gz
HG01679	/beagle3/haky/users/temi/projects/TFXcan-snakemake/data/prostate_cancer_risk_2024-09-30/aggregated_predictions/prostate_cancer_risk/HG01679_aggByCollect_prostate_cancer_risk.csv.gz
HG01680	/beagle3/haky/users/temi/projects/TFXcan-snakemake/data/prostate_cancer_risk_2024-09-30/aggregated_predictions/prostate_cancer_risk/HG01680_aggByCollect_prostate_cancer_risk.csv.gz
HG01682	/beagle3/haky/users/temi/projects/TFXcan-snakemake/data/prostate_cancer_risk_2024-09-30/aggregated_predictions/prostate_cancer_risk/HG01682_aggByCollect_prostate_cancer_risk.csv.gz
HG01684	/beagle3/haky/users/temi/projects/TFXcan-snakemake/data/prostate_cancer_risk_2024-09-30/aggregated_predictions/prostate_cancer_risk/HG01684_aggByCollect_prostate_cancer_risk.csv.gz
HG01685	/beagle3/haky/users/temi/projects/TFXcan-snakemake/data/prostate_cancer_risk_2024-09-30/aggregated_predictions/prostate_cancer_risk/HG01685_aggByCollect_prostate_cancer_risk.csv.gz
HG01686	/beagle3/haky/users/temi/projects/TFXcan-snakemake/data/prostate_cancer_risk_2024-09-30/aggregated_predictions/prostate_cancer_risk/HG01686_aggByCollect_prostate_cancer_risk.csv.gz
HG01694	/beagle3/haky/users/temi/projects/TFXcan-snakemake/data/prostate_cancer_risk_2024-09-30/aggregated_predictions/prostate_cancer_risk/HG01694_aggByCollect_prostate_cancer_risk.csv.gz
HG01695	/beagle3/haky/users/temi/projects/TFXcan-snakemake/data/prostate_cancer_risk_2024-09-30/aggregated_predictions/prostate_cancer_risk/HG01695_aggByCollect_prostate_cancer_risk.csv.gz
HG01697	/beagle3/haky/users/temi/projects/TFXcan-snakemake/data/prostate_cancer_risk_2024-09-30/aggregated_predictions/prostate_cancer_risk/HG01697_aggByCollect_prostate_cancer_risk.csv.gz
HG01699	/beagle3/haky/users/temi/projects/TFXcan-snakemake/data/prostate_cancer_risk_2024-09-30/aggregated_predictions/prostate_cancer_risk/HG01699_aggByCollect_prostate_cancer_risk.csv.gz
HG01700	/beagle3/haky/users/temi/projects/TFXcan-snakemake/data/prostate_cancer_risk_2024-09-30/aggregated_predictions/prostate_cancer_risk/HG01700_aggByCollect_prostate_cancer_risk.csv.gz
HG01702	/beagle3/haky/users/temi/projects/TFXcan-snakemake/data/prostate_cancer_risk_2024-09-30/aggregated_predictions/prostate_cancer_risk/HG01702_aggByCollect_prostate_cancer_risk.csv.gz
HG01704	/beagle3/haky/users/temi/projects/TFXcan-snakemake/data/prostate_cancer_risk_2024-09-30/aggregated_predictions/prostate_cancer_risk/HG01704_aggByCollect_prostate_cancer_risk.csv.gz
HG01705	/beagle3/haky/users/temi/projects/TFXcan-snakemake/data/prostate_cancer_risk_2024-09-30/aggregated_predictions/prostate_cancer_risk/HG01705_aggByCollect_prostate_cancer_risk.csv.gz
HG01707	/beagle3/haky/users/temi/projects/TFXcan-snakemake/data/prostate_cancer_risk_2024-09-30/aggregated_predictions/prostate_cancer_risk/HG01707_aggByCollect_prostate_cancer_risk.csv.gz
HG01708	/beagle3/haky/users/temi/projects/TFXcan-snakemake/data/prostate_cancer_risk_2024-09-30/aggregated_predictions/prostate_cancer_risk/HG01708_aggByCollect_prostate_cancer_risk.csv.gz
HG01709	/beagle3/haky/users/temi/projects/TFXcan-snakemake/data/prostate_cancer_risk_2024-09-30/aggregated_predictions/prostate_cancer_risk/HG01709_aggByCollect_prostate_cancer_risk.csv.gz
HG01710	/beagle3/haky/users/temi/projects/TFXcan-snakemake/data/prostate_cancer_risk_2024-09-30/aggregated_predictions/prostate_cancer_risk/HG01710_aggByCollect_prostate_cancer_risk.csv.gz
HG01746	/beagle3/haky/users/temi/projects/TFXcan-snakemake/data/prostate_cancer_risk_2024-09-30/aggregated_predictions/prostate_cancer_risk/HG01746_aggByCollect_prostate_cancer_risk.csv.gz
HG01747	/beagle3/haky/users/temi/projects/TFXcan-snakemake/data/prostate_cancer_risk_2024-09-30/aggregated_predictions/prostate_cancer_risk/HG01747_aggByCollect_prostate_cancer_risk.csv.gz
HG01756	/beagle3/haky/users/temi/projects/TFXcan-snakemake/data/prostate_cancer_risk_2024-09-30/aggregated_predictions/prostate_cancer_risk/HG01756_aggByCollect_prostate_cancer_risk.csv.gz
HG01757	/beagle3/haky/users/temi/projects/TFXcan-snakemake/data/prostate_cancer_risk_2024-09-30/aggregated_predictions/prostate_cancer_risk/HG01757_aggByCollect_prostate_cancer_risk.csv.gz
HG01761	/beagle3/haky/users/temi/projects/TFXcan-snakemake/data/prostate_cancer_risk_2024-09-30/aggregated_predictions/prostate_cancer_risk/HG01761_aggByCollect_prostate_cancer_risk.csv.gz
HG01762	/beagle3/haky/users/temi/projects/TFXcan-snakemake/data/prostate_cancer_risk_2024-09-30/aggregated_predictions/prostate_cancer_risk/HG01762_aggByCollect_prostate_cancer_risk.csv.gz
HG01765	/beagle3/haky/users/temi/projects/TFXcan-snakemake/data/prostate_cancer_risk_2024-09-30/aggregated_predictions/prostate_cancer_risk/HG01765_aggByCollect_prostate_cancer_risk.csv.gz
HG01766	/beagle3/haky/users/temi/projects/TFXcan-snakemake/data/prostate_cancer_risk_2024-09-30/aggregated_predictions/prostate_cancer_risk/HG01766_aggByCollect_prostate_cancer_risk.csv.gz
HG01767	/beagle3/haky/users/temi/projects/TFXcan-snakemake/data/prostate_cancer_risk_2024-09-30/aggregated_predictions/prostate_cancer_risk/HG01767_aggByCollect_prostate_cancer_risk.csv.gz
HG01768	/beagle3/haky/users/temi/projects/TFXcan-snakemake/data/prostate_cancer_risk_2024-09-30/aggregated_predictions/prostate_cancer_risk/HG01768_aggByCollect_prostate_cancer_risk.csv.gz
HG01770	/beagle3/haky/users/temi/projects/TFXcan-snakemake/data/prostate_cancer_risk_2024-09-30/aggregated_predictions/prostate_cancer_risk/HG01770_aggByCollect_prostate_cancer_risk.csv.gz
HG01771	/beagle3/haky/users/temi/projects/TFXcan-snakemake/data/prostate_cancer_risk_2024-09-30/aggregated_predictions/prostate_cancer_risk/HG01771_aggByCollect_prostate_cancer_risk.csv.gz
HG01773	/beagle3/haky/users/temi/projects/TFXcan-snakemake/data/prostate_cancer_risk_2024-09-30/aggregated_predictions/prostate_cancer_risk/HG01773_aggByCollect_prostate_cancer_risk.csv.gz
HG01775	/beagle3/haky/users/temi/projects/TFXcan-snakemake/data/prostate_cancer_risk_2024-09-30/aggregated_predictions/prostate_cancer_risk/HG01775_aggByCollect_prostate_cancer_risk.csv.gz
HG01776	/beagle3/haky/users/temi/projects/TFXcan-snakemake/data/prostate_cancer_risk_2024-09-30/aggregated_predictions/prostate_cancer_risk/HG01776_aggByCollect_prostate_cancer_risk.csv.gz
HG01777	/beagle3/haky/users/temi/projects/TFXcan-snakemake/data/prostate_cancer_risk_2024-09-30/aggregated_predictions/prostate_cancer_risk/HG01777_aggByCollect_prostate_cancer_risk.csv.gz
HG01779	/beagle3/haky/users/temi/projects/TFXcan-snakemake/data/prostate_cancer_risk_2024-09-30/aggregated_predictions/prostate_cancer_risk/HG01779_aggByCollect_prostate_cancer_risk.csv.gz
HG01781	/beagle3/haky/users/temi/projects/TFXcan-snakemake/data/prostate_cancer_risk_2024-09-30/aggregated_predictions/prostate_cancer_risk/HG01781_aggByCollect_prostate_cancer_risk.csv.gz
HG01784	/beagle3/haky/users/temi/projects/TFXcan-snakemake/data/prostate_cancer_risk_2024-09-30/aggregated_predictions/prostate_cancer_risk/HG01784_aggByCollect_prostate_cancer_risk.csv.gz
HG01785	/beagle3/haky/users/temi/projects/TFXcan-snakemake/data/prostate_cancer_risk_2024-09-30/aggregated_predictions/prostate_cancer_risk/HG01785_aggByCollect_prostate_cancer_risk.csv.gz
HG01786	/beagle3/haky/users/temi/projects/TFXcan-snakemake/data/prostate_cancer_risk_2024-09-30/aggregated_predictions/prostate_cancer_risk/HG01786_aggByCollect_prostate_cancer_risk.csv.gz
HG01789	/beagle3/haky/users/temi/projects/TFXcan-snakemake/data/prostate_cancer_risk_2024-09-30/aggregated_predictions/prostate_cancer_risk/HG01789_aggByCollect_prostate_cancer_risk.csv.gz
HG01790	/beagle3/haky/users/temi/projects/TFXcan-snakemake/data/prostate_cancer_risk_2024-09-30/aggregated_predictions/prostate_cancer_risk/HG01790_aggByCollect_prostate_cancer_risk.csv.gz
HG01791	/beagle3/haky/users/temi/projects/TFXcan-snakemake/data/prostate_cancer_risk_2024-09-30/aggregated_predictions/prostate_cancer_risk/HG01791_aggByCollect_prostate_cancer_risk.csv.gz
HG02215	/beagle3/haky/users/temi/projects/TFXcan-snakemake/data/prostate_cancer_risk_2024-09-30/aggregated_predictions/prostate_cancer_risk/HG02215_aggByCollect_prostate_cancer_risk.csv.gz
HG02219	/beagle3/haky/users/temi/projects/TFXcan-snakemake/data/prostate_cancer_risk_2024-09-30/aggregated_predictions/prostate_cancer_risk/HG02219_aggByCollect_prostate_cancer_risk.csv.gz
HG02220	/beagle3/haky/users/temi/projects/TFXcan-snakemake/data/prostate_cancer_risk_2024-09-30/aggregated_predictions/prostate_cancer_risk/HG02220_aggByCollect_prostate_cancer_risk.csv.gz
HG02221	/beagle3/haky/users/temi/projects/TFXcan-snakemake/data/prostate_cancer_risk_2024-09-30/aggregated_predictions/prostate_cancer_risk/HG02221_aggByCollect_prostate_cancer_risk.csv.gz
HG02223	/beagle3/haky/users/temi/projects/TFXcan-snakemake/data/prostate_cancer_risk_2024-09-30/aggregated_predictions/prostate_cancer_risk/HG02223_aggByCollect_prostate_cancer_risk.csv.gz
HG02224	/beagle3/haky/users/temi/projects/TFXcan-snakemake/data/prostate_cancer_risk_2024-09-30/aggregated_predictions/prostate_cancer_risk/HG02224_aggByCollect_prostate_cancer_risk.csv.gz
HG02230	/beagle3/haky/users/temi/projects/TFXcan-snakemake/data/prostate_cancer_risk_2024-09-30/aggregated_predictions/prostate_cancer_risk/HG02230_aggByCollect_prostate_cancer_risk.csv.gz
HG02231	/beagle3/haky/users/temi/projects/TFXcan-snakemake/data/prostate_cancer_risk_2024-09-30/aggregated_predictions/prostate_cancer_risk/HG02231_aggByCollect_prostate_cancer_risk.csv.gz
HG02232	/beagle3/haky/users/temi/projects/TFXcan-snakemake/data/prostate_cancer_risk_2024-09-30/aggregated_predictions/prostate_cancer_risk/HG02232_aggByCollect_prostate_cancer_risk.csv.gz
HG02233	/beagle3/haky/users/temi/projects/TFXcan-snakemake/data/prostate_cancer_risk_2024-09-30/aggregated_predictions/prostate_cancer_risk/HG02233_aggByCollect_prostate_cancer_risk.csv.gz
HG02235	/beagle3/haky/users/temi/projects/TFXcan-snakemake/data/prostate_cancer_risk_2024-09-30/aggregated_predictions/prostate_cancer_risk/HG02235_aggByCollect_prostate_cancer_risk.csv.gz
HG02236	/beagle3/haky/users/temi/projects/TFXcan-snakemake/data/prostate_cancer_risk_2024-09-30/aggregated_predictions/prostate_cancer_risk/HG02236_aggByCollect_prostate_cancer_risk.csv.gz
HG02238	/beagle3/haky/users/temi/projects/TFXcan-snakemake/data/prostate_cancer_risk_2024-09-30/aggregated_predictions/prostate_cancer_risk/HG02238_aggByCollect_prostate_cancer_risk.csv.gz
HG02239	/beagle3/haky/users/temi/projects/TFXcan-snakemake/data/prostate_cancer_risk_2024-09-30/aggregated_predictions/prostate_cancer_risk/HG02239_aggByCollect_prostate_cancer_risk.csv.gz
HG04301	/beagle3/haky/users/temi/projects/TFXcan-snakemake/data/prostate_cancer_risk_2024-09-30/aggregated_predictions/prostate_cancer_risk/HG04301_aggByCollect_prostate_cancer_risk.csv.gz
HG04302	/beagle3/haky/users/temi/projects/TFXcan-snakemake/data/prostate_cancer_risk_2024-09-30/aggregated_predictions/prostate_cancer_risk/HG04302_aggByCollect_prostate_cancer_risk.csv.gz
HG04303	/beagle3/haky/users/temi/projects/TFXcan-snakemake/data/prostate_cancer_risk_2024-09-30/aggregated_predictions/prostate_cancer_risk/HG04303_aggByCollect_prostate_cancer_risk.csv.gz
NA06984	/beagle3/haky/users/temi/projects/TFXcan-snakemake/data/prostate_cancer_risk_2024-09-30/aggregated_predictions/prostate_cancer_risk/NA06984_aggByCollect_prostate_cancer_risk.csv.gz
NA06985	/beagle3/haky/users/temi/projects/TFXcan-snakemake/data/prostate_cancer_risk_2024-09-30/aggregated_predictions/prostate_cancer_risk/NA06985_aggByCollect_prostate_cancer_risk.csv.gz
NA06986	/beagle3/haky/users/temi/projects/TFXcan-snakemake/data/prostate_cancer_risk_2024-09-30/aggregated_predictions/prostate_cancer_risk/NA06986_aggByCollect_prostate_cancer_risk.csv.gz
NA06989	/beagle3/haky/users/temi/projects/TFXcan-snakemake/data/prostate_cancer_risk_2024-09-30/aggregated_predictions/prostate_cancer_risk/NA06989_aggByCollect_prostate_cancer_risk.csv.gz
NA06994	/beagle3/haky/users/temi/projects/TFXcan-snakemake/data/prostate_cancer_risk_2024-09-30/aggregated_predictions/prostate_cancer_risk/NA06994_aggByCollect_prostate_cancer_risk.csv.gz
NA07000	/beagle3/haky/users/temi/projects/TFXcan-snakemake/data/prostate_cancer_risk_2024-09-30/aggregated_predictions/prostate_cancer_risk/NA07000_aggByCollect_prostate_cancer_risk.csv.gz
NA07037	/beagle3/haky/users/temi/projects/TFXcan-snakemake/data/prostate_cancer_risk_2024-09-30/aggregated_predictions/prostate_cancer_risk/NA07037_aggByCollect_prostate_cancer_risk.csv.gz
NA07048	/beagle3/haky/users/temi/projects/TFXcan-snakemake/data/prostate_cancer_risk_2024-09-30/aggregated_predictions/prostate_cancer_risk/NA07048_aggByCollect_prostate_cancer_risk.csv.gz
NA07051	/beagle3/haky/users/temi/projects/TFXcan-snakemake/data/prostate_cancer_risk_2024-09-30/aggregated_predictions/prostate_cancer_risk/NA07051_aggByCollect_prostate_cancer_risk.csv.gz
NA07056	/beagle3/haky/users/temi/projects/TFXcan-snakemake/data/prostate_cancer_risk_2024-09-30/aggregated_predictions/prostate_cancer_risk/NA07056_aggByCollect_prostate_cancer_risk.csv.gz
NA07347	/beagle3/haky/users/temi/projects/TFXcan-snakemake/data/prostate_cancer_risk_2024-09-30/aggregated_predictions/prostate_cancer_risk/NA07347_aggByCollect_prostate_cancer_risk.csv.gz
NA07357	/beagle3/haky/users/temi/projects/TFXcan-snakemake/data/prostate_cancer_risk_2024-09-30/aggregated_predictions/prostate_cancer_risk/NA07357_aggByCollect_prostate_cancer_risk.csv.gz
NA10847	/beagle3/haky/users/temi/projects/TFXcan-snakemake/data/prostate_cancer_risk_2024-09-30/aggregated_predictions/prostate_cancer_risk/NA10847_aggByCollect_prostate_cancer_risk.csv.gz
NA10851	/beagle3/haky/users/temi/projects/TFXcan-snakemake/data/prostate_cancer_risk_2024-09-30/aggregated_predictions/prostate_cancer_risk/NA10851_aggByCollect_prostate_cancer_risk.csv.gz
NA11829	/beagle3/haky/users/temi/projects/TFXcan-snakemake/data/prostate_cancer_risk_2024-09-30/aggregated_predictions/prostate_cancer_risk/NA11829_aggByCollect_prostate_cancer_risk.csv.gz
NA11830	/beagle3/haky/users/temi/projects/TFXcan-snakemake/data/prostate_cancer_risk_2024-09-30/aggregated_predictions/prostate_cancer_risk/NA11830_aggByCollect_prostate_cancer_risk.csv.gz
NA11831	/beagle3/haky/users/temi/projects/TFXcan-snakemake/data/prostate_cancer_risk_2024-09-30/aggregated_predictions/prostate_cancer_risk/NA11831_aggByCollect_prostate_cancer_risk.csv.gz
NA11832	/beagle3/haky/users/temi/projects/TFXcan-snakemake/data/prostate_cancer_risk_2024-09-30/aggregated_predictions/prostate_cancer_risk/NA11832_aggByCollect_prostate_cancer_risk.csv.gz
NA11840	/beagle3/haky/users/temi/projects/TFXcan-snakemake/data/prostate_cancer_risk_2024-09-30/aggregated_predictions/prostate_cancer_risk/NA11840_aggByCollect_prostate_cancer_risk.csv.gz
NA11843	/beagle3/haky/users/temi/projects/TFXcan-snakemake/data/prostate_cancer_risk_2024-09-30/aggregated_predictions/prostate_cancer_risk/NA11843_aggByCollect_prostate_cancer_risk.csv.gz
NA11881	/beagle3/haky/users/temi/projects/TFXcan-snakemake/data/prostate_cancer_risk_2024-09-30/aggregated_predictions/prostate_cancer_risk/NA11881_aggByCollect_prostate_cancer_risk.csv.gz
NA11892	/beagle3/haky/users/temi/projects/TFXcan-snakemake/data/prostate_cancer_risk_2024-09-30/aggregated_predictions/prostate_cancer_risk/NA11892_aggByCollect_prostate_cancer_risk.csv.gz
NA11893	/beagle3/haky/users/temi/projects/TFXcan-snakemake/data/prostate_cancer_risk_2024-09-30/aggregated_predictions/prostate_cancer_risk/NA11893_aggByCollect_prostate_cancer_risk.csv.gz
NA11894	/beagle3/haky/users/temi/projects/TFXcan-snakemake/data/prostate_cancer_risk_2024-09-30/aggregated_predictions/prostate_cancer_risk/NA11894_aggByCollect_prostate_cancer_risk.csv.gz
NA11918	/beagle3/haky/users/temi/projects/TFXcan-snakemake/data/prostate_cancer_risk_2024-09-30/aggregated_predictions/prostate_cancer_risk/NA11918_aggByCollect_prostate_cancer_risk.csv.gz
NA11919	/beagle3/haky/users/temi/projects/TFXcan-snakemake/data/prostate_cancer_risk_2024-09-30/aggregated_predictions/prostate_cancer_risk/NA11919_aggByCollect_prostate_cancer_risk.csv.gz
NA11920	/beagle3/haky/users/temi/projects/TFXcan-snakemake/data/prostate_cancer_risk_2024-09-30/aggregated_predictions/prostate_cancer_risk/NA11920_aggByCollect_prostate_cancer_risk.csv.gz
NA11930	/beagle3/haky/users/temi/projects/TFXcan-snakemake/data/prostate_cancer_risk_2024-09-30/aggregated_predictions/prostate_cancer_risk/NA11930_aggByCollect_prostate_cancer_risk.csv.gz
NA11931	/beagle3/haky/users/temi/projects/TFXcan-snakemake/data/prostate_cancer_risk_2024-09-30/aggregated_predictions/prostate_cancer_risk/NA11931_aggByCollect_prostate_cancer_risk.csv.gz
NA11932	/beagle3/haky/users/temi/projects/TFXcan-snakemake/data/prostate_cancer_risk_2024-09-30/aggregated_predictions/prostate_cancer_risk/NA11932_aggByCollect_prostate_cancer_risk.csv.gz
NA11933	/beagle3/haky/users/temi/projects/TFXcan-snakemake/data/prostate_cancer_risk_2024-09-30/aggregated_predictions/prostate_cancer_risk/NA11933_aggByCollect_prostate_cancer_risk.csv.gz
NA11992	/beagle3/haky/users/temi/projects/TFXcan-snakemake/data/prostate_cancer_risk_2024-09-30/aggregated_predictions/prostate_cancer_risk/NA11992_aggByCollect_prostate_cancer_risk.csv.gz
NA11994	/beagle3/haky/users/temi/projects/TFXcan-snakemake/data/prostate_cancer_risk_2024-09-30/aggregated_predictions/prostate_cancer_risk/NA11994_aggByCollect_prostate_cancer_risk.csv.gz
NA11995	/beagle3/haky/users/temi/projects/TFXcan-snakemake/data/prostate_cancer_risk_2024-09-30/aggregated_predictions/prostate_cancer_risk/NA11995_aggByCollect_prostate_cancer_risk.csv.gz
NA12003	/beagle3/haky/users/temi/projects/TFXcan-snakemake/data/prostate_cancer_risk_2024-09-30/aggregated_predictions/prostate_cancer_risk/NA12003_aggByCollect_prostate_cancer_risk.csv.gz
NA12004	/beagle3/haky/users/temi/projects/TFXcan-snakemake/data/prostate_cancer_risk_2024-09-30/aggregated_predictions/prostate_cancer_risk/NA12004_aggByCollect_prostate_cancer_risk.csv.gz
NA12005	/beagle3/haky/users/temi/projects/TFXcan-snakemake/data/prostate_cancer_risk_2024-09-30/aggregated_predictions/prostate_cancer_risk/NA12005_aggByCollect_prostate_cancer_risk.csv.gz
NA12006	/beagle3/haky/users/temi/projects/TFXcan-snakemake/data/prostate_cancer_risk_2024-09-30/aggregated_predictions/prostate_cancer_risk/NA12006_aggByCollect_prostate_cancer_risk.csv.gz
NA12043	/beagle3/haky/users/temi/projects/TFXcan-snakemake/data/prostate_cancer_risk_2024-09-30/aggregated_predictions/prostate_cancer_risk/NA12043_aggByCollect_prostate_cancer_risk.csv.gz
NA12044	/beagle3/haky/users/temi/projects/TFXcan-snakemake/data/prostate_cancer_risk_2024-09-30/aggregated_predictions/prostate_cancer_risk/NA12044_aggByCollect_prostate_cancer_risk.csv.gz
NA12045	/beagle3/haky/users/temi/projects/TFXcan-snakemake/data/prostate_cancer_risk_2024-09-30/aggregated_predictions/prostate_cancer_risk/NA12045_aggByCollect_prostate_cancer_risk.csv.gz
NA12046	/beagle3/haky/users/temi/projects/TFXcan-snakemake/data/prostate_cancer_risk_2024-09-30/aggregated_predictions/prostate_cancer_risk/NA12046_aggByCollect_prostate_cancer_risk.csv.gz
NA12058	/beagle3/haky/users/temi/projects/TFXcan-snakemake/data/prostate_cancer_risk_2024-09-30/aggregated_predictions/prostate_cancer_risk/NA12058_aggByCollect_prostate_cancer_risk.csv.gz
NA12144	/beagle3/haky/users/temi/projects/TFXcan-snakemake/data/prostate_cancer_risk_2024-09-30/aggregated_predictions/prostate_cancer_risk/NA12144_aggByCollect_prostate_cancer_risk.csv.gz
NA12154	/beagle3/haky/users/temi/projects/TFXcan-snakemake/data/prostate_cancer_risk_2024-09-30/aggregated_predictions/prostate_cancer_risk/NA12154_aggByCollect_prostate_cancer_risk.csv.gz
NA12155	/beagle3/haky/users/temi/projects/TFXcan-snakemake/data/prostate_cancer_risk_2024-09-30/aggregated_predictions/prostate_cancer_risk/NA12155_aggByCollect_prostate_cancer_risk.csv.gz
NA12156	/beagle3/haky/users/temi/projects/TFXcan-snakemake/data/prostate_cancer_risk_2024-09-30/aggregated_predictions/prostate_cancer_risk/NA12156_aggByCollect_prostate_cancer_risk.csv.gz
NA12234	/beagle3/haky/users/temi/projects/TFXcan-snakemake/data/prostate_cancer_risk_2024-09-30/aggregated_predictions/prostate_cancer_risk/NA12234_aggByCollect_prostate_cancer_risk.csv.gz
NA12249	/beagle3/haky/users/temi/projects/TFXcan-snakemake/data/prostate_cancer_risk_2024-09-30/aggregated_predictions/prostate_cancer_risk/NA12249_aggByCollect_prostate_cancer_risk.csv.gz
NA12272	/beagle3/haky/users/temi/projects/TFXcan-snakemake/data/prostate_cancer_risk_2024-09-30/aggregated_predictions/prostate_cancer_risk/NA12272_aggByCollect_prostate_cancer_risk.csv.gz
NA12273	/beagle3/haky/users/temi/projects/TFXcan-snakemake/data/prostate_cancer_risk_2024-09-30/aggregated_predictions/prostate_cancer_risk/NA12273_aggByCollect_prostate_cancer_risk.csv.gz
NA12275	/beagle3/haky/users/temi/projects/TFXcan-snakemake/data/prostate_cancer_risk_2024-09-30/aggregated_predictions/prostate_cancer_risk/NA12275_aggByCollect_prostate_cancer_risk.csv.gz
NA12282	/beagle3/haky/users/temi/projects/TFXcan-snakemake/data/prostate_cancer_risk_2024-09-30/aggregated_predictions/prostate_cancer_risk/NA12282_aggByCollect_prostate_cancer_risk.csv.gz
NA12283	/beagle3/haky/users/temi/projects/TFXcan-snakemake/data/prostate_cancer_risk_2024-09-30/aggregated_predictions/prostate_cancer_risk/NA12283_aggByCollect_prostate_cancer_risk.csv.gz
NA12286	/beagle3/haky/users/temi/projects/TFXcan-snakemake/data/prostate_cancer_risk_2024-09-30/aggregated_predictions/prostate_cancer_risk/NA12286_aggByCollect_prostate_cancer_risk.csv.gz
NA12287	/beagle3/haky/users/temi/projects/TFXcan-snakemake/data/prostate_cancer_risk_2024-09-30/aggregated_predictions/prostate_cancer_risk/NA12287_aggByCollect_prostate_cancer_risk.csv.gz
NA12340	/beagle3/haky/users/temi/projects/TFXcan-snakemake/data/prostate_cancer_risk_2024-09-30/aggregated_predictions/prostate_cancer_risk/NA12340_aggByCollect_prostate_cancer_risk.csv.gz
NA12341	/beagle3/haky/users/temi/projects/TFXcan-snakemake/data/prostate_cancer_risk_2024-09-30/aggregated_predictions/prostate_cancer_risk/NA12341_aggByCollect_prostate_cancer_risk.csv.gz
NA12342	/beagle3/haky/users/temi/projects/TFXcan-snakemake/data/prostate_cancer_risk_2024-09-30/aggregated_predictions/prostate_cancer_risk/NA12342_aggByCollect_prostate_cancer_risk.csv.gz
NA12347	/beagle3/haky/users/temi/projects/TFXcan-snakemake/data/prostate_cancer_risk_2024-09-30/aggregated_predictions/prostate_cancer_risk/NA12347_aggByCollect_prostate_cancer_risk.csv.gz
NA12348	/beagle3/haky/users/temi/projects/TFXcan-snakemake/data/prostate_cancer_risk_2024-09-30/aggregated_predictions/prostate_cancer_risk/NA12348_aggByCollect_prostate_cancer_risk.csv.gz
NA12383	/beagle3/haky/users/temi/projects/TFXcan-snakemake/data/prostate_cancer_risk_2024-09-30/aggregated_predictions/prostate_cancer_risk/NA12383_aggByCollect_prostate_cancer_risk.csv.gz
NA12399	/beagle3/haky/users/temi/projects/TFXcan-snakemake/data/prostate_cancer_risk_2024-09-30/aggregated_predictions/prostate_cancer_risk/NA12399_aggByCollect_prostate_cancer_risk.csv.gz
NA12400	/beagle3/haky/users/temi/projects/TFXcan-snakemake/data/prostate_cancer_risk_2024-09-30/aggregated_predictions/prostate_cancer_risk/NA12400_aggByCollect_prostate_cancer_risk.csv.gz
NA12413	/beagle3/haky/users/temi/projects/TFXcan-snakemake/data/prostate_cancer_risk_2024-09-30/aggregated_predictions/prostate_cancer_risk/NA12413_aggByCollect_prostate_cancer_risk.csv.gz
NA12414	/beagle3/haky/users/temi/projects/TFXcan-snakemake/data/prostate_cancer_risk_2024-09-30/aggregated_predictions/prostate_cancer_risk/NA12414_aggByCollect_prostate_cancer_risk.csv.gz
NA12489	/beagle3/haky/users/temi/projects/TFXcan-snakemake/data/prostate_cancer_risk_2024-09-30/aggregated_predictions/prostate_cancer_risk/NA12489_aggByCollect_prostate_cancer_risk.csv.gz
NA12546	/beagle3/haky/users/temi/projects/TFXcan-snakemake/data/prostate_cancer_risk_2024-09-30/aggregated_predictions/prostate_cancer_risk/NA12546_aggByCollect_prostate_cancer_risk.csv.gz
NA12716	/beagle3/haky/users/temi/projects/TFXcan-snakemake/data/prostate_cancer_risk_2024-09-30/aggregated_predictions/prostate_cancer_risk/NA12716_aggByCollect_prostate_cancer_risk.csv.gz
NA12717	/beagle3/haky/users/temi/projects/TFXcan-snakemake/data/prostate_cancer_risk_2024-09-30/aggregated_predictions/prostate_cancer_risk/NA12717_aggByCollect_prostate_cancer_risk.csv.gz
NA12718	/beagle3/haky/users/temi/projects/TFXcan-snakemake/data/prostate_cancer_risk_2024-09-30/aggregated_predictions/prostate_cancer_risk/NA12718_aggByCollect_prostate_cancer_risk.csv.gz
NA12748	/beagle3/haky/users/temi/projects/TFXcan-snakemake/data/prostate_cancer_risk_2024-09-30/aggregated_predictions/prostate_cancer_risk/NA12748_aggByCollect_prostate_cancer_risk.csv.gz
NA12749	/beagle3/haky/users/temi/projects/TFXcan-snakemake/data/prostate_cancer_risk_2024-09-30/aggregated_predictions/prostate_cancer_risk/NA12749_aggByCollect_prostate_cancer_risk.csv.gz
NA12750	/beagle3/haky/users/temi/projects/TFXcan-snakemake/data/prostate_cancer_risk_2024-09-30/aggregated_predictions/prostate_cancer_risk/NA12750_aggByCollect_prostate_cancer_risk.csv.gz
NA12751	/beagle3/haky/users/temi/projects/TFXcan-snakemake/data/prostate_cancer_risk_2024-09-30/aggregated_predictions/prostate_cancer_risk/NA12751_aggByCollect_prostate_cancer_risk.csv.gz
NA12760	/beagle3/haky/users/temi/projects/TFXcan-snakemake/data/prostate_cancer_risk_2024-09-30/aggregated_predictions/prostate_cancer_risk/NA12760_aggByCollect_prostate_cancer_risk.csv.gz
NA12761	/beagle3/haky/users/temi/projects/TFXcan-snakemake/data/prostate_cancer_risk_2024-09-30/aggregated_predictions/prostate_cancer_risk/NA12761_aggByCollect_prostate_cancer_risk.csv.gz
NA12762	/beagle3/haky/users/temi/projects/TFXcan-snakemake/data/prostate_cancer_risk_2024-09-30/aggregated_predictions/prostate_cancer_risk/NA12762_aggByCollect_prostate_cancer_risk.csv.gz
NA12763	/beagle3/haky/users/temi/projects/TFXcan-snakemake/data/prostate_cancer_risk_2024-09-30/aggregated_predictions/prostate_cancer_risk/NA12763_aggByCollect_prostate_cancer_risk.csv.gz
NA12775	/beagle3/haky/users/temi/projects/TFXcan-snakemake/data/prostate_cancer_risk_2024-09-30/aggregated_predictions/prostate_cancer_risk/NA12775_aggByCollect_prostate_cancer_risk.csv.gz
NA12776	/beagle3/haky/users/temi/projects/TFXcan-snakemake/data/prostate_cancer_risk_2024-09-30/aggregated_predictions/prostate_cancer_risk/NA12776_aggByCollect_prostate_cancer_risk.csv.gz
NA12777	/beagle3/haky/users/temi/projects/TFXcan-snakemake/data/prostate_cancer_risk_2024-09-30/aggregated_predictions/prostate_cancer_risk/NA12777_aggByCollect_prostate_cancer_risk.csv.gz
NA12778	/beagle3/haky/users/temi/projects/TFXcan-snakemake/data/prostate_cancer_risk_2024-09-30/aggregated_predictions/prostate_cancer_risk/NA12778_aggByCollect_prostate_cancer_risk.csv.gz
NA12812	/beagle3/haky/users/temi/projects/TFXcan-snakemake/data/prostate_cancer_risk_2024-09-30/aggregated_predictions/prostate_cancer_risk/NA12812_aggByCollect_prostate_cancer_risk.csv.gz
NA12813	/beagle3/haky/users/temi/projects/TFXcan-snakemake/data/prostate_cancer_risk_2024-09-30/aggregated_predictions/prostate_cancer_risk/NA12813_aggByCollect_prostate_cancer_risk.csv.gz
NA12814	/beagle3/haky/users/temi/projects/TFXcan-snakemake/data/prostate_cancer_risk_2024-09-30/aggregated_predictions/prostate_cancer_risk/NA12814_aggByCollect_prostate_cancer_risk.csv.gz
NA12815	/beagle3/haky/users/temi/projects/TFXcan-snakemake/data/prostate_cancer_risk_2024-09-30/aggregated_predictions/prostate_cancer_risk/NA12815_aggByCollect_prostate_cancer_risk.csv.gz
NA12827	/beagle3/haky/users/temi/projects/TFXcan-snakemake/data/prostate_cancer_risk_2024-09-30/aggregated_predictions/prostate_cancer_risk/NA12827_aggByCollect_prostate_cancer_risk.csv.gz
NA12828	/beagle3/haky/users/temi/projects/TFXcan-snakemake/data/prostate_cancer_risk_2024-09-30/aggregated_predictions/prostate_cancer_risk/NA12828_aggByCollect_prostate_cancer_risk.csv.gz
NA12829	/beagle3/haky/users/temi/projects/TFXcan-snakemake/data/prostate_cancer_risk_2024-09-30/aggregated_predictions/prostate_cancer_risk/NA12829_aggByCollect_prostate_cancer_risk.csv.gz
NA12830	/beagle3/haky/users/temi/projects/TFXcan-snakemake/data/prostate_cancer_risk_2024-09-30/aggregated_predictions/prostate_cancer_risk/NA12830_aggByCollect_prostate_cancer_risk.csv.gz
NA12842	/beagle3/haky/users/temi/projects/TFXcan-snakemake/data/prostate_cancer_risk_2024-09-30/aggregated_predictions/prostate_cancer_risk/NA12842_aggByCollect_prostate_cancer_risk.csv.gz
NA12843	/beagle3/haky/users/temi/projects/TFXcan-snakemake/data/prostate_cancer_risk_2024-09-30/aggregated_predictions/prostate_cancer_risk/NA12843_aggByCollect_prostate_cancer_risk.csv.gz
NA12872	/beagle3/haky/users/temi/projects/TFXcan-snakemake/data/prostate_cancer_risk_2024-09-30/aggregated_predictions/prostate_cancer_risk/NA12872_aggByCollect_prostate_cancer_risk.csv.gz
NA12873	/beagle3/haky/users/temi/projects/TFXcan-snakemake/data/prostate_cancer_risk_2024-09-30/aggregated_predictions/prostate_cancer_risk/NA12873_aggByCollect_prostate_cancer_risk.csv.gz
NA12874	/beagle3/haky/users/temi/projects/TFXcan-snakemake/data/prostate_cancer_risk_2024-09-30/aggregated_predictions/prostate_cancer_risk/NA12874_aggByCollect_prostate_cancer_risk.csv.gz
NA12878	/beagle3/haky/users/temi/projects/TFXcan-snakemake/data/prostate_cancer_risk_2024-09-30/aggregated_predictions/prostate_cancer_risk/NA12878_aggByCollect_prostate_cancer_risk.csv.gz
NA12889	/beagle3/haky/users/temi/projects/TFXcan-snakemake/data/prostate_cancer_risk_2024-09-30/aggregated_predictions/prostate_cancer_risk/NA12889_aggByCollect_prostate_cancer_risk.csv.gz
NA12890	/beagle3/haky/users/temi/projects/TFXcan-snakemake/data/prostate_cancer_risk_2024-09-30/aggregated_predictions/prostate_cancer_risk/NA12890_aggByCollect_prostate_cancer_risk.csv.gz
NA20502	/beagle3/haky/users/temi/projects/TFXcan-snakemake/data/prostate_cancer_risk_2024-09-30/aggregated_predictions/prostate_cancer_risk/NA20502_aggByCollect_prostate_cancer_risk.csv.gz
NA20503	/beagle3/haky/users/temi/projects/TFXcan-snakemake/data/prostate_cancer_risk_2024-09-30/aggregated_predictions/prostate_cancer_risk/NA20503_aggByCollect_prostate_cancer_risk.csv.gz
NA20504	/beagle3/haky/users/temi/projects/TFXcan-snakemake/data/prostate_cancer_risk_2024-09-30/aggregated_predictions/prostate_cancer_risk/NA20504_aggByCollect_prostate_cancer_risk.csv.gz
NA20505	/beagle3/haky/users/temi/projects/TFXcan-snakemake/data/prostate_cancer_risk_2024-09-30/aggregated_predictions/prostate_cancer_risk/NA20505_aggByCollect_prostate_cancer_risk.csv.gz
NA20506	/beagle3/haky/users/temi/projects/TFXcan-snakemake/data/prostate_cancer_risk_2024-09-30/aggregated_predictions/prostate_cancer_risk/NA20506_aggByCollect_prostate_cancer_risk.csv.gz
NA20507	/beagle3/haky/users/temi/projects/TFXcan-snakemake/data/prostate_cancer_risk_2024-09-30/aggregated_predictions/prostate_cancer_risk/NA20507_aggByCollect_prostate_cancer_risk.csv.gz
NA20508	/beagle3/haky/users/temi/projects/TFXcan-snakemake/data/prostate_cancer_risk_2024-09-30/aggregated_predictions/prostate_cancer_risk/NA20508_aggByCollect_prostate_cancer_risk.csv.gz
NA20509	/beagle3/haky/users/temi/projects/TFXcan-snakemake/data/prostate_cancer_risk_2024-09-30/aggregated_predictions/prostate_cancer_risk/NA20509_aggByCollect_prostate_cancer_risk.csv.gz
NA20510	/beagle3/haky/users/temi/projects/TFXcan-snakemake/data/prostate_cancer_risk_2024-09-30/aggregated_predictions/prostate_cancer_risk/NA20510_aggByCollect_prostate_cancer_risk.csv.gz
NA20511	/beagle3/haky/users/temi/projects/TFXcan-snakemake/data/prostate_cancer_risk_2024-09-30/aggregated_predictions/prostate_cancer_risk/NA20511_aggByCollect_prostate_cancer_risk.csv.gz
NA20512	/beagle3/haky/users/temi/projects/TFXcan-snakemake/data/prostate_cancer_risk_2024-09-30/aggregated_predictions/prostate_cancer_risk/NA20512_aggByCollect_prostate_cancer_risk.csv.gz
NA20513	/beagle3/haky/users/temi/projects/TFXcan-snakemake/data/prostate_cancer_risk_2024-09-30/aggregated_predictions/prostate_cancer_risk/NA20513_aggByCollect_prostate_cancer_risk.csv.gz
NA20514	/beagle3/haky/users/temi/projects/TFXcan-snakemake/data/prostate_cancer_risk_2024-09-30/aggregated_predictions/prostate_cancer_risk/NA20514_aggByCollect_prostate_cancer_risk.csv.gz
NA20515	/beagle3/haky/users/temi/projects/TFXcan-snakemake/data/prostate_cancer_risk_2024-09-30/aggregated_predictions/prostate_cancer_risk/NA20515_aggByCollect_prostate_cancer_risk.csv.gz
NA20516	/beagle3/haky/users/temi/projects/TFXcan-snakemake/data/prostate_cancer_risk_2024-09-30/aggregated_predictions/prostate_cancer_risk/NA20516_aggByCollect_prostate_cancer_risk.csv.gz
NA20517	/beagle3/haky/users/temi/projects/TFXcan-snakemake/data/prostate_cancer_risk_2024-09-30/aggregated_predictions/prostate_cancer_risk/NA20517_aggByCollect_prostate_cancer_risk.csv.gz
NA20518	/beagle3/haky/users/temi/projects/TFXcan-snakemake/data/prostate_cancer_risk_2024-09-30/aggregated_predictions/prostate_cancer_risk/NA20518_aggByCollect_prostate_cancer_risk.csv.gz
NA20519	/beagle3/haky/users/temi/projects/TFXcan-snakemake/data/prostate_cancer_risk_2024-09-30/aggregated_predictions/prostate_cancer_risk/NA20519_aggByCollect_prostate_cancer_risk.csv.gz
NA20520	/beagle3/haky/users/temi/projects/TFXcan-snakemake/data/prostate_cancer_risk_2024-09-30/aggregated_predictions/prostate_cancer_risk/NA20520_aggByCollect_prostate_cancer_risk.csv.gz
NA20521	/beagle3/haky/users/temi/projects/TFXcan-snakemake/data/prostate_cancer_risk_2024-09-30/aggregated_predictions/prostate_cancer_risk/NA20521_aggByCollect_prostate_cancer_risk.csv.gz
NA20522	/beagle3/haky/users/temi/projects/TFXcan-snakemake/data/prostate_cancer_risk_2024-09-30/aggregated_predictions/prostate_cancer_risk/NA20522_aggByCollect_prostate_cancer_risk.csv.gz
NA20524	/beagle3/haky/users/temi/projects/TFXcan-snakemake/data/prostate_cancer_risk_2024-09-30/aggregated_predictions/prostate_cancer_risk/NA20524_aggByCollect_prostate_cancer_risk.csv.gz
NA20525	/beagle3/haky/users/temi/projects/TFXcan-snakemake/data/prostate_cancer_risk_2024-09-30/aggregated_predictions/prostate_cancer_risk/NA20525_aggByCollect_prostate_cancer_risk.csv.gz
NA20527	/beagle3/haky/users/temi/projects/TFXcan-snakemake/data/prostate_cancer_risk_2024-09-30/aggregated_predictions/prostate_cancer_risk/NA20527_aggByCollect_prostate_cancer_risk.csv.gz
NA20528	/beagle3/haky/users/temi/projects/TFXcan-snakemake/data/prostate_cancer_risk_2024-09-30/aggregated_predictions/prostate_cancer_risk/NA20528_aggByCollect_prostate_cancer_risk.csv.gz
NA20529	/beagle3/haky/users/temi/projects/TFXcan-snakemake/data/prostate_cancer_risk_2024-09-30/aggregated_predictions/prostate_cancer_risk/NA20529_aggByCollect_prostate_cancer_risk.csv.gz
NA20530	/beagle3/haky/users/temi/projects/TFXcan-snakemake/data/prostate_cancer_risk_2024-09-30/aggregated_predictions/prostate_cancer_risk/NA20530_aggByCollect_prostate_cancer_risk.csv.gz
NA20531	/beagle3/haky/users/temi/projects/TFXcan-snakemake/data/prostate_cancer_risk_2024-09-30/aggregated_predictions/prostate_cancer_risk/NA20531_aggByCollect_prostate_cancer_risk.csv.gz
NA20532	/beagle3/haky/users/temi/projects/TFXcan-snakemake/data/prostate_cancer_risk_2024-09-30/aggregated_predictions/prostate_cancer_risk/NA20532_aggByCollect_prostate_cancer_risk.csv.gz
NA20533	/beagle3/haky/users/temi/projects/TFXcan-snakemake/data/prostate_cancer_risk_2024-09-30/aggregated_predictions/prostate_cancer_risk/NA20533_aggByCollect_prostate_cancer_risk.csv.gz
NA20534	/beagle3/haky/users/temi/projects/TFXcan-snakemake/data/prostate_cancer_risk_2024-09-30/aggregated_predictions/prostate_cancer_risk/NA20534_aggByCollect_prostate_cancer_risk.csv.gz
NA20535	/beagle3/haky/users/temi/projects/TFXcan-snakemake/data/prostate_cancer_risk_2024-09-30/aggregated_predictions/prostate_cancer_risk/NA20535_aggByCollect_prostate_cancer_risk.csv.gz
NA20536	/beagle3/haky/users/temi/projects/TFXcan-snakemake/data/prostate_cancer_risk_2024-09-30/aggregated_predictions/prostate_cancer_risk/NA20536_aggByCollect_prostate_cancer_risk.csv.gz
NA20537	/beagle3/haky/users/temi/projects/TFXcan-snakemake/data/prostate_cancer_risk_2024-09-30/aggregated_predictions/prostate_cancer_risk/NA20537_aggByCollect_prostate_cancer_risk.csv.gz
NA20538	/beagle3/haky/users/temi/projects/TFXcan-snakemake/data/prostate_cancer_risk_2024-09-30/aggregated_predictions/prostate_cancer_risk/NA20538_aggByCollect_prostate_cancer_risk.csv.gz
NA20539	/beagle3/haky/users/temi/projects/TFXcan-snakemake/data/prostate_cancer_risk_2024-09-30/aggregated_predictions/prostate_cancer_risk/NA20539_aggByCollect_prostate_cancer_risk.csv.gz
NA20540	/beagle3/haky/users/temi/projects/TFXcan-snakemake/data/prostate_cancer_risk_2024-09-30/aggregated_predictions/prostate_cancer_risk/NA20540_aggByCollect_prostate_cancer_risk.csv.gz
NA20541	/beagle3/haky/users/temi/projects/TFXcan-snakemake/data/prostate_cancer_risk_2024-09-30/aggregated_predictions/prostate_cancer_risk/NA20541_aggByCollect_prostate_cancer_risk.csv.gz
NA20542	/beagle3/haky/users/temi/projects/TFXcan-snakemake/data/prostate_cancer_risk_2024-09-30/aggregated_predictions/prostate_cancer_risk/NA20542_aggByCollect_prostate_cancer_risk.csv.gz
NA20543	/beagle3/haky/users/temi/projects/TFXcan-snakemake/data/prostate_cancer_risk_2024-09-30/aggregated_predictions/prostate_cancer_risk/NA20543_aggByCollect_prostate_cancer_risk.csv.gz
NA20544	/beagle3/haky/users/temi/projects/TFXcan-snakemake/data/prostate_cancer_risk_2024-09-30/aggregated_predictions/prostate_cancer_risk/NA20544_aggByCollect_prostate_cancer_risk.csv.gz
NA20581	/beagle3/haky/users/temi/projects/TFXcan-snakemake/data/prostate_cancer_risk_2024-09-30/aggregated_predictions/prostate_cancer_risk/NA20581_aggByCollect_prostate_cancer_risk.csv.gz
NA20582	/beagle3/haky/users/temi/projects/TFXcan-snakemake/data/prostate_cancer_risk_2024-09-30/aggregated_predictions/prostate_cancer_risk/NA20582_aggByCollect_prostate_cancer_risk.csv.gz
NA20585	/beagle3/haky/users/temi/projects/TFXcan-snakemake/data/prostate_cancer_risk_2024-09-30/aggregated_predictions/prostate_cancer_risk/NA20585_aggByCollect_prostate_cancer_risk.csv.gz
NA20586	/beagle3/haky/users/temi/projects/TFXcan-snakemake/data/prostate_cancer_risk_2024-09-30/aggregated_predictions/prostate_cancer_risk/NA20586_aggByCollect_prostate_cancer_risk.csv.gz
NA20587	/beagle3/haky/users/temi/projects/TFXcan-snakemake/data/prostate_cancer_risk_2024-09-30/aggregated_predictions/prostate_cancer_risk/NA20587_aggByCollect_prostate_cancer_risk.csv.gz
NA20588	/beagle3/haky/users/temi/projects/TFXcan-snakemake/data/prostate_cancer_risk_2024-09-30/aggregated_predictions/prostate_cancer_risk/NA20588_aggByCollect_prostate_cancer_risk.csv.gz
NA20589	/beagle3/haky/users/temi/projects/TFXcan-snakemake/data/prostate_cancer_risk_2024-09-30/aggregated_predictions/prostate_cancer_risk/NA20589_aggByCollect_prostate_cancer_risk.csv.gz
NA20752	/beagle3/haky/users/temi/projects/TFXcan-snakemake/data/prostate_cancer_risk_2024-09-30/aggregated_predictions/prostate_cancer_risk/NA20752_aggByCollect_prostate_cancer_risk.csv.gz
NA20753	/beagle3/haky/users/temi/projects/TFXcan-snakemake/data/prostate_cancer_risk_2024-09-30/aggregated_predictions/prostate_cancer_risk/NA20753_aggByCollect_prostate_cancer_risk.csv.gz
NA20754	/beagle3/haky/users/temi/projects/TFXcan-snakemake/data/prostate_cancer_risk_2024-09-30/aggregated_predictions/prostate_cancer_risk/NA20754_aggByCollect_prostate_cancer_risk.csv.gz
NA20755	/beagle3/haky/users/temi/projects/TFXcan-snakemake/data/prostate_cancer_risk_2024-09-30/aggregated_predictions/prostate_cancer_risk/NA20755_aggByCollect_prostate_cancer_risk.csv.gz
NA20756	/beagle3/haky/users/temi/projects/TFXcan-snakemake/data/prostate_cancer_risk_2024-09-30/aggregated_predictions/prostate_cancer_risk/NA20756_aggByCollect_prostate_cancer_risk.csv.gz
NA20757	/beagle3/haky/users/temi/projects/TFXcan-snakemake/data/prostate_cancer_risk_2024-09-30/aggregated_predictions/prostate_cancer_risk/NA20757_aggByCollect_prostate_cancer_risk.csv.gz
NA20758	/beagle3/haky/users/temi/projects/TFXcan-snakemake/data/prostate_cancer_risk_2024-09-30/aggregated_predictions/prostate_cancer_risk/NA20758_aggByCollect_prostate_cancer_risk.csv.gz
NA20759	/beagle3/haky/users/temi/projects/TFXcan-snakemake/data/prostate_cancer_risk_2024-09-30/aggregated_predictions/prostate_cancer_risk/NA20759_aggByCollect_prostate_cancer_risk.csv.gz
NA20760	/beagle3/haky/users/temi/projects/TFXcan-snakemake/data/prostate_cancer_risk_2024-09-30/aggregated_predictions/prostate_cancer_risk/NA20760_aggByCollect_prostate_cancer_risk.csv.gz
NA20761	/beagle3/haky/users/temi/projects/TFXcan-snakemake/data/prostate_cancer_risk_2024-09-30/aggregated_predictions/prostate_cancer_risk/NA20761_aggByCollect_prostate_cancer_risk.csv.gz
NA20762	/beagle3/haky/users/temi/projects/TFXcan-snakemake/data/prostate_cancer_risk_2024-09-30/aggregated_predictions/prostate_cancer_risk/NA20762_aggByCollect_prostate_cancer_risk.csv.gz
NA20763	/beagle3/haky/users/temi/projects/TFXcan-snakemake/data/prostate_cancer_risk_2024-09-30/aggregated_predictions/prostate_cancer_risk/NA20763_aggByCollect_prostate_cancer_risk.csv.gz
NA20764	/beagle3/haky/users/temi/projects/TFXcan-snakemake/data/prostate_cancer_risk_2024-09-30/aggregated_predictions/prostate_cancer_risk/NA20764_aggByCollect_prostate_cancer_risk.csv.gz
NA20765	/beagle3/haky/users/temi/projects/TFXcan-snakemake/data/prostate_cancer_risk_2024-09-30/aggregated_predictions/prostate_cancer_risk/NA20765_aggByCollect_prostate_cancer_risk.csv.gz
NA20766	/beagle3/haky/users/temi/projects/TFXcan-snakemake/data/prostate_cancer_risk_2024-09-30/aggregated_predictions/prostate_cancer_risk/NA20766_aggByCollect_prostate_cancer_risk.csv.gz
NA20767	/beagle3/haky/users/temi/projects/TFXcan-snakemake/data/prostate_cancer_risk_2024-09-30/aggregated_predictions/prostate_cancer_risk/NA20767_aggByCollect_prostate_cancer_risk.csv.gz
NA20768	/beagle3/haky/users/temi/projects/TFXcan-snakemake/data/prostate_cancer_risk_2024-09-30/aggregated_predictions/prostate_cancer_risk/NA20768_aggByCollect_prostate_cancer_risk.csv.gz
NA20769	/beagle3/haky/users/temi/projects/TFXcan-snakemake/data/prostate_cancer_risk_2024-09-30/aggregated_predictions/prostate_cancer_risk/NA20769_aggByCollect_prostate_cancer_risk.csv.gz
NA20770	/beagle3/haky/users/temi/projects/TFXcan-snakemake/data/prostate_cancer_risk_2024-09-30/aggregated_predictions/prostate_cancer_risk/NA20770_aggByCollect_prostate_cancer_risk.csv.gz
NA20771	/beagle3/haky/users/temi/projects/TFXcan-snakemake/data/prostate_cancer_risk_2024-09-30/aggregated_predictions/prostate_cancer_risk/NA20771_aggByCollect_prostate_cancer_risk.csv.gz
NA20772	/beagle3/haky/users/temi/projects/TFXcan-snakemake/data/prostate_cancer_risk_2024-09-30/aggregated_predictions/prostate_cancer_risk/NA20772_aggByCollect_prostate_cancer_risk.csv.gz
NA20773	/beagle3/haky/users/temi/projects/TFXcan-snakemake/data/prostate_cancer_risk_2024-09-30/aggregated_predictions/prostate_cancer_risk/NA20773_aggByCollect_prostate_cancer_risk.csv.gz
NA20774	/beagle3/haky/users/temi/projects/TFXcan-snakemake/data/prostate_cancer_risk_2024-09-30/aggregated_predictions/prostate_cancer_risk/NA20774_aggByCollect_prostate_cancer_risk.csv.gz
NA20775	/beagle3/haky/users/temi/projects/TFXcan-snakemake/data/prostate_cancer_risk_2024-09-30/aggregated_predictions/prostate_cancer_risk/NA20775_aggByCollect_prostate_cancer_risk.csv.gz
NA20778	/beagle3/haky/users/temi/projects/TFXcan-snakemake/data/prostate_cancer_risk_2024-09-30/aggregated_predictions/prostate_cancer_risk/NA20778_aggByCollect_prostate_cancer_risk.csv.gz
NA20783	/beagle3/haky/users/temi/projects/TFXcan-snakemake/data/prostate_cancer_risk_2024-09-30/aggregated_predictions/prostate_cancer_risk/NA20783_aggByCollect_prostate_cancer_risk.csv.gz
NA20785	/beagle3/haky/users/temi/projects/TFXcan-snakemake/data/prostate_cancer_risk_2024-09-30/aggregated_predictions/prostate_cancer_risk/NA20785_aggByCollect_prostate_cancer_risk.csv.gz
NA20786	/beagle3/haky/users/temi/projects/TFXcan-snakemake/data/prostate_cancer_risk_2024-09-30/aggregated_predictions/prostate_cancer_risk/NA20786_aggByCollect_prostate_cancer_risk.csv.gz
NA20787	/beagle3/haky/users/temi/projects/TFXcan-snakemake/data/prostate_cancer_risk_2024-09-30/aggregated_predictions/prostate_cancer_risk/NA20787_aggByCollect_prostate_cancer_risk.csv.gz
NA20790	/beagle3/haky/users/temi/projects/TFXcan-snakemake/data/prostate_cancer_risk_2024-09-30/aggregated_predictions/prostate_cancer_risk/NA20790_aggByCollect_prostate_cancer_risk.csv.gz
NA20792	/beagle3/haky/users/temi/projects/TFXcan-snakemake/data/prostate_cancer_risk_2024-09-30/aggregated_predictions/prostate_cancer_risk/NA20792_aggByCollect_prostate_cancer_risk.csv.gz
NA20795	/beagle3/haky/users/temi/projects/TFXcan-snakemake/data/prostate_cancer_risk_2024-09-30/aggregated_predictions/prostate_cancer_risk/NA20795_aggByCollect_prostate_cancer_risk.csv.gz
NA20796	/beagle3/haky/users/temi/projects/TFXcan-snakemake/data/prostate_cancer_risk_2024-09-30/aggregated_predictions/prostate_cancer_risk/NA20796_aggByCollect_prostate_cancer_risk.csv.gz
NA20797	/beagle3/haky/users/temi/projects/TFXcan-snakemake/data/prostate_cancer_risk_2024-09-30/aggregated_predictions/prostate_cancer_risk/NA20797_aggByCollect_prostate_cancer_risk.csv.gz
NA20798	/beagle3/haky/users/temi/projects/TFXcan-snakemake/data/prostate_cancer_risk_2024-09-30/aggregated_predictions/prostate_cancer_risk/NA20798_aggByCollect_prostate_cancer_risk.csv.gz
NA20799	/beagle3/haky/users/temi/projects/TFXcan-snakemake/data/prostate_cancer_risk_2024-09-30/aggregated_predictions/prostate_cancer_risk/NA20799_aggByCollect_prostate_cancer_risk.csv.gz
NA20800	/beagle3/haky/users/temi/projects/TFXcan-snakemake/data/prostate_cancer_risk_2024-09-30/aggregated_predictions/prostate_cancer_risk/NA20800_aggByCollect_prostate_cancer_risk.csv.gz
NA20801	/beagle3/haky/users/temi/projects/TFXcan-snakemake/data/prostate_cancer_risk_2024-09-30/aggregated_predictions/prostate_cancer_risk/NA20801_aggByCollect_prostate_cancer_risk.csv.gz
NA20802	/beagle3/haky/users/temi/projects/TFXcan-snakemake/data/prostate_cancer_risk_2024-09-30/aggregated_predictions/prostate_cancer_risk/NA20802_aggByCollect_prostate_cancer_risk.csv.gz
NA20803	/beagle3/haky/users/temi/projects/TFXcan-snakemake/data/prostate_cancer_risk_2024-09-30/aggregated_predictions/prostate_cancer_risk/NA20803_aggByCollect_prostate_cancer_risk.csv.gz
NA20804	/beagle3/haky/users/temi/projects/TFXcan-snakemake/data/prostate_cancer_risk_2024-09-30/aggregated_predictions/prostate_cancer_risk/NA20804_aggByCollect_prostate_cancer_risk.csv.gz
NA20805	/beagle3/haky/users/temi/projects/TFXcan-snakemake/data/prostate_cancer_risk_2024-09-30/aggregated_predictions/prostate_cancer_risk/NA20805_aggByCollect_prostate_cancer_risk.csv.gz
NA20806	/beagle3/haky/users/temi/projects/TFXcan-snakemake/data/prostate_cancer_risk_2024-09-30/aggregated_predictions/prostate_cancer_risk/NA20806_aggByCollect_prostate_cancer_risk.csv.gz
NA20807	/beagle3/haky/users/temi/projects/TFXcan-snakemake/data/prostate_cancer_risk_2024-09-30/aggregated_predictions/prostate_cancer_risk/NA20807_aggByCollect_prostate_cancer_risk.csv.gz
NA20808	/beagle3/haky/users/temi/projects/TFXcan-snakemake/data/prostate_cancer_risk_2024-09-30/aggregated_predictions/prostate_cancer_risk/NA20808_aggByCollect_prostate_cancer_risk.csv.gz
NA20809	/beagle3/haky/users/temi/projects/TFXcan-snakemake/data/prostate_cancer_risk_2024-09-30/aggregated_predictions/prostate_cancer_risk/NA20809_aggByCollect_prostate_cancer_risk.csv.gz
NA20810	/beagle3/haky/users/temi/projects/TFXcan-snakemake/data/prostate_cancer_risk_2024-09-30/aggregated_predictions/prostate_cancer_risk/NA20810_aggByCollect_prostate_cancer_risk.csv.gz
NA20811	/beagle3/haky/users/temi/projects/TFXcan-snakemake/data/prostate_cancer_risk_2024-09-30/aggregated_predictions/prostate_cancer_risk/NA20811_aggByCollect_prostate_cancer_risk.csv.gz
NA20812	/beagle3/haky/users/temi/projects/TFXcan-snakemake/data/prostate_cancer_risk_2024-09-30/aggregated_predictions/prostate_cancer_risk/NA20812_aggByCollect_prostate_cancer_risk.csv.gz
NA20813	/beagle3/haky/users/temi/projects/TFXcan-snakemake/data/prostate_cancer_risk_2024-09-30/aggregated_predictions/prostate_cancer_risk/NA20813_aggByCollect_prostate_cancer_risk.csv.gz
NA20814	/beagle3/haky/users/temi/projects/TFXcan-snakemake/data/prostate_cancer_risk_2024-09-30/aggregated_predictions/prostate_cancer_risk/NA20814_aggByCollect_prostate_cancer_risk.csv.gz
NA20815	/beagle3/haky/users/temi/projects/TFXcan-snakemake/data/prostate_cancer_risk_2024-09-30/aggregated_predictions/prostate_cancer_risk/NA20815_aggByCollect_prostate_cancer_risk.csv.gz
NA20816	/beagle3/haky/users/temi/projects/TFXcan-snakemake/data/prostate_cancer_risk_2024-09-30/aggregated_predictions/prostate_cancer_risk/NA20816_aggByCollect_prostate_cancer_risk.csv.gz
NA20818	/beagle3/haky/users/temi/projects/TFXcan-snakemake/data/prostate_cancer_risk_2024-09-30/aggregated_predictions/prostate_cancer_risk/NA20818_aggByCollect_prostate_cancer_risk.csv.gz
NA20819	/beagle3/haky/users/temi/projects/TFXcan-snakemake/data/prostate_cancer_risk_2024-09-30/aggregated_predictions/prostate_cancer_risk/NA20819_aggByCollect_prostate_cancer_risk.csv.gz
NA20821	/beagle3/haky/users/temi/projects/TFXcan-snakemake/data/prostate_cancer_risk_2024-09-30/aggregated_predictions/prostate_cancer_risk/NA20821_aggByCollect_prostate_cancer_risk.csv.gz
NA20822	/beagle3/haky/users/temi/projects/TFXcan-snakemake/data/prostate_cancer_risk_2024-09-30/aggregated_predictions/prostate_cancer_risk/NA20822_aggByCollect_prostate_cancer_risk.csv.gz
NA20826	/beagle3/haky/users/temi/projects/TFXcan-snakemake/data/prostate_cancer_risk_2024-09-30/aggregated_predictions/prostate_cancer_risk/NA20826_aggByCollect_prostate_cancer_risk.csv.gz
NA20827	/beagle3/haky/users/temi/projects/TFXcan-snakemake/data/prostate_cancer_risk_2024-09-30/aggregated_predictions/prostate_cancer_risk/NA20827_aggByCollect_prostate_cancer_risk.csv.gz
NA20828	/beagle3/haky/users/temi/projects/TFXcan-snakemake/data/prostate_cancer_risk_2024-09-30/aggregated_predictions/prostate_cancer_risk/NA20828_aggByCollect_prostate_cancer_risk.csv.gz
NA20829	/beagle3/haky/users/temi/projects/TFXcan-snakemake/data/prostate_cancer_risk_2024-09-30/aggregated_predictions/prostate_cancer_risk/NA20829_aggByCollect_prostate_cancer_risk.csv.gz
NA20831	/beagle3/haky/users/temi/projects/TFXcan-snakemake/data/prostate_cancer_risk_2024-09-30/aggregated_predictions/prostate_cancer_risk/NA20831_aggByCollect_prostate_cancer_risk.csv.gz
NA20832	/beagle3/haky/users/temi/projects/TFXcan-snakemake/data/prostate_cancer_risk_2024-09-30/aggregated_predictions/prostate_cancer_risk/NA20832_aggByCollect_prostate_cancer_risk.csv.gz
